season,zone,LST_C
Winter,Urban,28.216500000000032
Winter,Urban,27.929000000000023
Winter,Urban,29.080000000000023
Winter,Urban,29.474000000000036
Winter,Urban,30.03400000000005
Winter,Urban,30.487000000000034
Winter,Urban,30.476153846153874
Winter,Urban,31.04400000000003
Winter,Urban,29.795500000000025
Winter,Urban,31.046500000000027
Winter,Urban,31.73000000000004
Winter,Urban,31.734500000000025
Winter,Urban,29.97200000000003
Winter,Urban,31.114000000000033
Winter,Urban,31.586500000000022
Winter,Urban,31.565500000000007
Winter,Urban,29.06600000000002
Winter,Urban,30.03450000000003
Winter,Urban,31.099500000000024
Winter,Urban,31.911500000000025
Winter,Urban,31.435500000000026
Winter,Urban,31.904000000000035
Winter,Urban,32.012000000000036
Winter,Urban,29.98350000000003
Winter,Urban,30.80400000000004
Winter,Urban,31.585500000000035
Winter,Urban,31.746500000000026
Winter,Urban,31.656500000000023
Winter,Urban,29.693500000000036
Winter,Urban,30.763000000000034
Winter,Urban,31.487500000000022
Winter,Urban,31.46850000000004
Winter,Urban,31.382000000000033
Winter,Urban,32.413500000000035
Winter,Urban,28.653500000000026
Winter,Urban,29.249500000000033
Winter,Urban,30.251500000000032
Winter,Urban,31.117500000000042
Winter,Urban,31.458500000000026
Winter,Urban,31.479500000000023
Winter,Urban,32.66250000000004
Winter,Urban,33.021000000000015
Winter,Urban,29.483500000000028
Winter,Urban,30.71350000000003
Winter,Urban,31.45500000000002
Winter,Urban,32.73500000000003
Winter,Urban,33.65300000000004
Winter,Urban,32.962500000000034
Winter,Urban,29.624000000000013
Winter,Urban,30.988500000000034
Winter,Urban,32.00250000000002
Winter,Urban,32.71650000000004
Winter,Urban,33.03400000000004
Winter,Urban,32.946500000000036
Winter,Urban,30.638500000000022
Winter,Urban,32.13850000000002
Winter,Urban,32.98750000000005
Winter,Urban,33.394500000000036
Winter,Urban,32.108000000000025
Winter,Urban,31.31850000000003
Winter,Urban,28.105897435897468
Winter,Urban,30.11650000000003
Winter,Urban,32.79400000000002
Winter,Urban,33.30200000000003
Winter,Urban,33.499500000000026
Winter,Urban,33.30000000000003
Winter,Urban,32.433000000000035
Winter,Urban,32.707000000000036
Winter,Urban,32.70450000000002
Winter,Urban,28.471000000000014
Winter,Urban,29.522000000000027
Winter,Urban,30.672000000000025
Winter,Urban,31.48400000000003
Winter,Urban,32.232000000000035
Winter,Urban,32.99850000000003
Winter,Urban,33.36250000000005
Winter,Urban,33.421000000000035
Winter,Urban,33.125000000000036
Winter,Urban,33.088500000000025
Winter,Urban,33.782500000000034
Winter,Urban,34.309000000000026
Winter,Urban,29.739000000000026
Winter,Urban,31.40550000000004
Winter,Urban,32.57700000000003
Winter,Urban,33.545500000000025
Winter,Urban,34.11100000000001
Winter,Urban,34.20800000000002
Winter,Urban,33.754500000000036
Winter,Urban,33.45700000000003
Winter,Urban,33.85750000000003
Winter,Urban,34.547000000000025
Winter,Urban,29.51450000000002
Winter,Urban,30.458000000000027
Winter,Urban,31.926000000000034
Winter,Urban,33.03150000000004
Winter,Urban,33.76550000000002
Winter,Urban,34.67200000000003
Winter,Urban,35.01150000000005
Winter,Urban,33.85600000000005
Winter,Urban,33.29700000000004
Winter,Urban,33.072000000000024
Winter,Urban,30.020500000000037
Winter,Urban,31.334000000000014
Winter,Urban,34.496500000000026
Winter,Urban,35.620000000000026
Winter,Urban,36.11750000000003
Winter,Urban,35.87100000000002
Winter,Urban,35.31400000000003
Winter,Urban,34.434000000000005
Winter,Urban,33.50650000000003
Winter,Urban,32.43900000000003
Winter,Urban,29.59000000000004
Winter,Urban,30.67700000000002
Winter,Urban,31.85500000000001
Winter,Urban,33.17000000000003
Winter,Urban,34.840500000000034
Winter,Urban,35.71500000000003
Winter,Urban,35.99400000000004
Winter,Urban,35.88650000000003
Winter,Urban,35.005500000000026
Winter,Urban,34.11900000000002
Winter,Urban,33.096500000000034
Winter,Urban,29.43900000000004
Winter,Urban,30.57450000000003
Winter,Urban,31.535000000000014
Winter,Urban,32.75450000000002
Winter,Urban,33.81050000000003
Winter,Urban,34.38600000000004
Winter,Urban,34.66450000000002
Winter,Urban,35.198500000000024
Winter,Urban,35.02950000000003
Winter,Urban,34.45850000000003
Winter,Urban,34.14350000000003
Winter,Urban,28.85000000000003
Winter,Urban,31.126000000000026
Winter,Urban,31.99750000000003
Winter,Urban,32.71450000000002
Winter,Urban,33.13550000000002
Winter,Urban,33.46400000000004
Winter,Urban,33.43500000000004
Winter,Urban,33.245000000000026
Winter,Urban,32.67650000000003
Winter,Urban,33.016000000000034
Winter,Urban,29.043500000000023
Winter,Urban,29.887000000000036
Winter,Urban,31.095000000000034
Winter,Urban,32.050500000000035
Winter,Urban,32.60700000000003
Winter,Urban,32.96250000000003
Winter,Urban,32.95900000000003
Winter,Urban,31.906000000000027
Winter,Urban,31.622000000000032
Winter,Urban,32.97700000000003
Winter,Urban,29.821500000000025
Winter,Urban,30.992000000000026
Winter,Urban,32.002500000000026
Winter,Urban,32.62200000000003
Winter,Urban,33.13350000000003
Winter,Urban,33.09850000000002
Winter,Urban,32.62100000000002
Winter,Urban,32.38650000000003
Winter,Urban,28.834000000000024
Winter,Urban,29.535500000000024
Winter,Urban,30.599500000000024
Winter,Urban,31.815000000000026
Winter,Urban,32.67450000000002
Winter,Urban,33.24250000000004
Winter,Urban,31.831000000000017
Winter,Urban,31.23700000000003
Winter,Urban,32.63650000000003
Winter,Urban,33.32500000000003
Winter,Urban,33.12250000000002
Winter,Urban,32.01500000000003
Winter,Urban,32.65800000000003
Winter,Urban,31.503500000000024
Winter,Urban,32.122000000000035
Winter,Urban,32.79300000000002
Winter,Urban,32.596500000000034
Winter,Urban,29.33400000000003
Winter,Urban,32.27450000000002
Winter,Urban,32.99550000000003
Winter,Urban,31.85500000000001
Winter,Urban,32.182000000000045
Winter,Urban,31.815500000000032
Winter,Urban,30.684000000000033
Winter,Urban,32.746500000000026
Winter,Urban,32.89400000000002
Winter,Urban,32.55950000000003
Winter,Urban,29.64300000000003
Winter,Urban,30.452500000000025
Winter,Urban,31.71550000000003
Winter,Urban,32.17900000000003
Winter,Urban,32.28550000000003
Winter,Urban,32.164000000000044
Winter,Urban,32.42250000000003
Winter,Urban,32.229500000000044
Winter,Urban,31.953000000000024
Winter,Urban,31.64050000000003
Winter,Urban,32.19950000000002
Winter,Urban,32.51000000000003
Winter,Urban,33.177000000000035
Winter,Urban,33.77050000000003
Winter,Urban,32.82150000000002
Winter,Urban,32.03100000000003
Winter,Urban,32.61350000000003
Winter,Urban,32.31700000000002
Winter,Urban,33.66200000000003
Winter,Urban,32.42350000000003
Winter,Urban,31.487000000000016
Winter,Urban,32.571500000000036
Winter,Urban,32.64350000000003
Winter,Urban,32.39450000000003
Winter,Urban,33.436500000000024
Winter,Urban,33.03800000000003
Winter,Urban,32.41800000000004
Winter,Urban,31.132000000000033
Winter,Urban,31.970500000000033
Winter,Urban,32.07850000000002
Winter,Urban,32.554000000000045
Winter,Urban,33.01400000000003
Winter,Urban,32.53500000000004
Winter,Urban,31.856500000000022
Winter,Urban,28.944000000000027
Winter,Urban,30.604500000000037
Winter,Urban,31.557000000000038
Winter,Urban,31.79800000000002
Winter,Urban,32.280500000000025
Winter,Urban,32.23050000000003
Winter,Urban,28.99000000000003
Winter,Urban,30.606500000000032
Winter,Urban,31.47750000000002
Winter,Urban,31.791000000000025
Winter,Urban,31.825500000000034
Winter,Urban,32.25200000000004
Winter,Urban,29.371000000000038
Winter,Urban,30.905500000000035
Winter,Urban,31.798500000000026
Winter,Urban,32.03550000000004
Winter,Rural,30.926500000000015
Winter,Rural,28.857500000000016
Winter,Rural,29.86700000000002
Winter,Rural,30.937500000000036
Winter,Rural,31.74200000000003
Winter,Rural,28.936000000000035
Winter,Rural,30.103000000000037
Winter,Rural,31.248500000000025
Winter,Rural,31.87450000000003
Winter,Rural,32.05250000000002
Winter,Rural,31.030000000000022
Winter,Rural,29.454500000000035
Winter,Rural,30.647000000000027
Winter,Rural,31.391000000000027
Winter,Rural,31.705500000000022
Winter,Rural,31.405500000000025
Winter,Rural,30.227500000000028
Winter,Rural,29.71100000000004
Winter,Rural,29.671000000000028
Winter,Rural,30.70500000000003
Winter,Rural,31.146000000000026
Winter,Rural,31.216000000000026
Winter,Rural,30.638000000000027
Winter,Rural,29.935500000000037
Winter,Rural,29.76550000000003
Winter,Rural,30.03450000000003
Winter,Rural,30.00800000000003
Winter,Rural,30.772500000000026
Winter,Rural,30.830500000000047
Winter,Rural,30.77550000000003
Winter,Rural,30.66150000000003
Winter,Rural,30.48150000000003
Winter,Rural,30.11800000000003
Winter,Rural,29.612500000000022
Winter,Rural,28.746000000000027
Winter,Rural,29.545500000000015
Winter,Rural,30.310500000000026
Winter,Rural,30.651500000000034
Winter,Rural,30.714000000000027
Winter,Rural,31.008000000000028
Winter,Rural,31.035500000000035
Winter,Rural,30.819500000000026
Winter,Rural,30.410000000000032
Winter,Rural,28.833500000000026
Winter,Rural,29.605500000000024
Winter,Rural,30.04150000000002
Winter,Rural,30.137500000000035
Winter,Rural,30.049000000000024
Winter,Rural,29.94100000000003
Winter,Rural,30.024500000000028
Winter,Rural,30.590500000000013
Winter,Rural,31.001000000000026
Winter,Rural,28.16650000000003
Winter,Rural,28.795000000000023
Winter,Rural,29.015000000000015
Winter,Rural,29.09300000000003
Winter,Rural,29.19100000000003
Winter,Rural,30.319500000000026
Winter,Rural,31.140500000000024
Winter,Rural,29.77950000000003
Winter,Rural,28.801000000000027
Winter,Rural,30.335000000000026
Winter,Rural,29.839500000000026
Winter,Rural,31.583000000000034
Winter,Rural,29.875000000000046
Winter,Rural,31.544500000000028
Winter,Rural,33.06700000000002
Winter,Rural,29.535500000000035
Winter,Rural,30.190500000000025
Winter,Rural,30.798000000000023
Winter,Rural,33.41550000000002
Winter,Rural,33.12800000000003
Winter,Rural,29.83200000000003
Winter,Rural,30.770000000000028
Winter,Rural,31.299000000000035
Winter,Rural,31.76700000000003
Winter,Rural,33.44800000000002
Winter,Rural,33.85900000000003
Winter,Rural,33.362500000000026
Winter,Rural,32.76350000000003
Winter,Rural,30.650000000000034
Winter,Rural,31.543000000000035
Winter,Rural,31.985000000000024
Winter,Rural,32.32400000000003
Winter,Rural,32.32200000000003
Winter,Rural,32.002000000000024
Winter,Rural,32.01400000000003
Winter,Rural,32.943000000000026
Winter,Rural,33.767000000000024
Winter,Rural,33.99350000000003
Winter,Rural,33.99000000000003
Winter,Rural,33.79200000000003
Winter,Rural,33.52800000000003
Winter,Rural,29.149500000000035
Winter,Rural,29.64050000000002
Winter,Rural,31.301500000000022
Winter,Rural,32.38200000000002
Winter,Rural,32.897000000000034
Winter,Rural,33.12400000000004
Winter,Rural,32.552000000000035
Winter,Rural,33.81700000000004
Winter,Rural,33.84900000000002
Winter,Rural,33.623000000000026
Winter,Rural,33.13700000000004
Winter,Rural,29.120000000000026
Winter,Rural,29.869000000000028
Winter,Rural,32.30100000000002
Winter,Rural,32.83800000000001
Winter,Rural,33.10600000000003
Winter,Rural,33.35150000000004
Winter,Rural,32.77450000000003
Winter,Rural,32.32600000000003
Winter,Rural,33.07250000000003
Winter,Rural,33.68150000000003
Winter,Rural,33.748500000000014
Winter,Rural,33.95650000000003
Winter,Rural,33.76950000000003
Winter,Rural,33.10550000000003
Winter,Rural,32.20250000000003
Winter,Rural,28.16550000000003
Winter,Rural,29.038500000000028
Winter,Rural,32.92150000000003
Winter,Rural,33.14800000000002
Winter,Rural,33.064000000000036
Winter,Rural,33.39450000000003
Winter,Rural,33.202000000000034
Winter,Rural,33.51050000000002
Winter,Rural,33.878000000000014
Winter,Rural,33.70100000000003
Winter,Rural,33.11350000000004
Winter,Rural,32.24450000000003
Winter,Rural,31.087000000000025
Winter,Rural,27.714500000000033
Winter,Rural,28.416500000000024
Winter,Rural,30.779500000000024
Winter,Rural,32.10000000000004
Winter,Rural,32.66600000000002
Winter,Rural,33.001500000000036
Winter,Rural,33.436000000000035
Winter,Rural,33.014500000000034
Winter,Rural,33.231500000000025
Winter,Rural,33.46500000000003
Winter,Rural,32.91350000000003
Winter,Rural,31.749500000000033
Winter,Rural,30.979500000000037
Winter,Rural,31.292500000000025
Winter,Rural,32.19950000000003
Winter,Rural,32.957000000000036
Winter,Rural,33.38800000000002
Winter,Rural,33.731500000000025
Winter,Rural,33.748000000000026
Winter,Rural,33.03300000000003
Winter,Rural,33.17400000000003
Winter,Rural,33.17500000000002
Winter,Rural,32.08800000000004
Winter,Rural,31.216500000000035
Winter,Rural,30.867000000000026
Winter,Rural,30.65050000000003
Winter,Rural,30.14150000000003
Winter,Rural,30.957500000000028
Winter,Rural,31.889000000000028
Winter,Rural,32.634000000000036
Winter,Rural,33.30150000000003
Winter,Rural,33.316000000000024
Winter,Rural,33.33300000000003
Winter,Rural,33.521500000000046
Winter,Rural,33.32450000000003
Winter,Rural,32.27300000000003
Winter,Rural,31.363500000000027
Winter,Rural,30.693000000000023
Winter,Rural,30.16500000000003
Winter,Rural,29.75250000000002
Winter,Rural,29.845000000000027
Winter,Rural,30.48350000000003
Winter,Rural,31.785000000000032
Winter,Rural,33.28250000000003
Winter,Rural,33.53250000000003
Winter,Rural,33.43650000000003
Winter,Rural,32.695500000000024
Winter,Rural,31.648500000000034
Winter,Rural,30.95500000000002
Winter,Rural,30.538000000000032
Winter,Rural,30.21950000000003
Winter,Rural,29.841000000000026
Winter,Rural,30.385000000000037
Winter,Rural,30.632000000000033
Winter,Rural,30.123500000000043
Winter,Rural,29.945000000000032
Winter,Rural,31.985500000000037
Winter,Rural,33.45200000000003
Winter,Rural,33.35400000000003
Winter,Rural,32.79950000000002
Winter,Rural,31.845500000000033
Winter,Rural,30.892000000000017
Winter,Rural,31.075000000000024
Winter,Rural,30.58200000000004
Winter,Rural,30.14150000000003
Winter,Rural,30.93700000000002
Winter,Rural,32.00450000000002
Winter,Rural,32.10400000000004
Winter,Rural,32.91100000000003
Winter,Rural,32.97200000000002
Winter,Rural,32.727500000000035
Winter,Rural,32.34350000000003
Winter,Rural,31.996000000000038
Winter,Rural,31.56700000000003
Winter,Rural,31.469000000000033
Winter,Rural,30.962000000000035
Winter,Rural,30.261000000000024
Winter,Rural,30.34700000000003
Winter,Rural,31.452000000000034
Winter,Rural,29.425000000000033
Winter,Rural,32.58150000000003
Winter,Rural,33.15250000000003
Winter,Rural,33.49700000000003
Winter,Rural,33.695500000000024
Winter,Rural,33.401500000000034
Winter,Rural,33.17850000000004
Winter,Rural,32.37700000000004
Winter,Rural,31.419000000000022
Winter,Rural,31.753000000000036
Winter,Rural,32.69050000000003
Winter,Rural,32.92300000000003
Winter,Rural,32.98550000000002
Winter,Rural,31.94550000000003
Winter,Rural,33.136000000000024
Winter,Rural,33.37300000000003
Winter,Rural,33.22250000000004
Winter,Rural,33.18850000000002
Winter,Rural,33.49700000000002
Winter,Rural,32.873500000000035
Winter,Rural,32.62100000000002
Winter,Rural,33.182500000000026
Winter,Rural,33.123500000000035
Winter,Rural,30.344000000000023
Winter,Rural,32.23550000000002
Winter,Rural,32.98700000000002
Winter,Rural,33.31700000000002
Winter,Rural,33.91550000000002
Winter,Rural,33.82200000000004
Winter,Rural,32.50950000000002
Winter,Rural,30.706500000000034
Winter,Rural,32.01750000000003
Winter,Rural,33.264000000000024
Winter,Rural,34.232500000000016
Winter,Rural,34.90550000000003
Winter,Rural,34.927000000000035
Winter,Rural,34.62400000000003
Winter,Rural,32.697000000000045
Winter,Rural,30.986500000000024
Winter,Rural,32.40650000000003
Winter,Rural,34.53200000000004
Winter,Rural,34.53150000000004
Winter,Rural,34.22650000000003
Winter,Rural,33.59600000000003
Winter,Rural,32.976500000000016
Winter,Rural,32.81000000000004
Winter,Rural,29.913500000000035
Winter,Rural,33.08350000000003
Winter,Rural,33.21550000000002
Winter,Rural,33.224000000000025
Winter,Rural,30.03100000000004
Winter,Rural,33.42950000000003
Winter,Rural,33.38800000000003
Winter,Rural,34.12800000000003
Winter,Rural,34.90700000000003
Winter,Rural,31.128500000000024
Winter,Rural,34.09550000000003
Winter,Rural,34.39050000000002
Winter,Rural,35.49050000000003
Winter,Rural,35.282000000000025
Winter,Rural,31.64200000000003
Winter,Rural,31.243000000000034
Winter,Rural,31.60250000000003
Winter,Rural,33.99150000000002
Winter,Rural,34.22000000000003
Winter,Rural,34.63600000000004
Winter,Rural,35.40650000000002
Winter,Rural,31.838500000000028
Winter,Rural,31.759000000000036
Winter,Rural,32.54050000000004
Winter,Rural,33.98250000000002
Winter,Rural,34.00550000000002
Winter,Rural,34.41250000000004
Winter,Rural,35.30400000000003
Winter,Rural,32.61800000000003
Winter,Rural,32.155500000000025
Winter,Rural,32.658000000000015
Winter,Rural,33.39900000000002
Winter,Rural,33.08500000000002
Winter,Rural,33.97600000000004
Winter,Rural,33.88750000000003
Winter,Rural,33.60300000000002
Winter,Rural,33.88350000000004
Winter,Rural,32.80800000000003
Winter,Rural,32.88000000000002
Winter,Rural,33.72500000000004
Winter,Rural,33.78650000000003
Winter,Rural,33.51700000000004
Winter,Rural,32.79700000000003
Winter,Rural,31.758500000000026
Winter,Rural,32.64400000000002
Winter,Rural,33.72650000000002
Winter,Rural,33.32200000000002
Winter,Rural,32.89750000000002
Winter,Rural,33.062000000000026
Winter,Rural,32.552000000000035
Winter,Rural,33.56350000000002
Winter,Rural,34.47450000000001
Winter,Rural,33.66600000000004
Winter,Rural,34.092500000000015
Winter,Rural,33.600500000000025
Winter,Rural,32.69250000000003
Winter,Rural,32.31650000000003
Winter,Rural,33.13200000000002
Winter,Rural,33.600500000000025
Winter,Rural,33.40650000000004
Winter,Rural,33.47800000000003
Winter,Rural,33.68000000000002
Winter,Rural,33.781000000000034
Winter,Rural,33.63550000000004
Winter,Rural,32.07800000000002
Winter,Rural,31.89250000000003
Winter,Rural,32.49900000000003
Winter,Rural,33.22900000000003
Winter,Rural,33.45350000000003
Winter,Rural,33.48000000000003
Winter,Rural,33.56850000000003
Winter,Rural,34.44200000000002
Winter,Rural,33.902000000000015
Winter,Rural,32.703500000000034
Winter,Rural,31.730500000000017
Winter,Rural,32.408500000000025
Winter,Rural,33.34100000000004
Winter,Rural,34.23500000000003
Winter,Rural,33.68200000000003
Winter,Rural,33.40650000000004
Winter,Rural,33.61100000000003
Winter,Rural,33.77100000000004
Winter,Rural,34.25250000000003
Winter,Rural,34.12850000000004
Winter,Rural,33.38150000000004
Winter,Rural,33.51650000000002
Winter,Rural,33.41850000000003
Winter,Rural,32.563000000000024
Winter,Rural,32.916000000000025
Winter,Rural,34.28950000000002
Winter,Rural,34.794000000000025
Winter,Rural,34.483000000000025
Winter,Rural,34.27400000000002
Winter,Rural,34.48650000000003
Winter,Rural,34.59000000000003
Winter,Rural,34.596500000000034
Winter,Rural,34.550000000000026
Winter,Rural,33.648000000000025
Winter,Rural,33.136500000000034
Winter,Rural,33.33900000000004
Winter,Rural,33.04950000000004
Winter,Rural,32.724000000000025
Winter,Rural,33.79500000000003
Winter,Rural,34.50400000000003
Winter,Rural,34.28900000000003
Winter,Rural,34.67950000000002
Winter,Rural,35.14850000000002
Winter,Rural,35.77800000000002
Winter,Rural,35.60550000000002
Winter,Rural,34.32200000000002
Winter,Rural,33.196000000000026
Winter,Rural,32.75500000000004
Winter,Rural,32.522500000000036
Winter,Rural,33.139500000000034
Winter,Rural,33.11550000000004
Winter,Rural,32.64700000000003
Winter,Rural,32.06850000000003
Winter,Rural,34.28600000000004
Winter,Rural,34.40250000000003
Winter,Rural,35.02650000000001
Winter,Rural,35.437500000000014
Winter,Rural,35.74450000000003
Winter,Rural,36.10500000000003
Winter,Rural,35.72150000000002
Winter,Rural,34.87950000000002
Winter,Rural,34.19200000000002
Winter,Rural,33.76750000000003
Winter,Rural,33.32200000000004
Winter,Rural,32.64550000000003
Winter,Rural,31.858000000000015
Winter,Rural,31.28200000000002
Winter,Rural,31.55850000000003
Winter,Rural,34.13450000000004
Winter,Rural,34.19400000000004
Winter,Rural,34.86500000000002
Winter,Rural,35.61100000000003
Winter,Rural,36.014000000000024
Winter,Rural,36.04500000000003
Winter,Rural,35.87350000000002
Winter,Rural,35.27250000000002
Winter,Rural,34.76600000000002
Winter,Rural,34.83300000000003
Winter,Rural,35.22250000000004
Winter,Rural,35.01500000000003
Winter,Rural,31.11000000000002
Winter,Rural,31.087500000000034
Winter,Rural,32.06450000000004
Winter,Rural,34.26000000000003
Winter,Rural,34.64150000000003
Winter,Rural,35.19100000000002
Winter,Rural,35.60700000000003
Winter,Rural,35.97500000000002
Winter,Rural,35.810000000000024
Winter,Rural,35.320000000000036
Winter,Rural,34.758500000000026
Winter,Rural,34.793000000000035
Winter,Rural,35.47050000000003
Winter,Rural,36.013500000000036
Winter,Rural,36.03450000000002
Winter,Rural,31.623000000000026
Winter,Rural,32.52300000000003
Winter,Rural,32.90550000000004
Winter,Rural,33.51350000000001
Winter,Rural,34.185500000000026
Winter,Rural,34.73700000000004
Winter,Rural,35.470000000000034
Winter,Rural,35.82500000000003
Winter,Rural,35.43800000000003
Winter,Rural,34.65800000000003
Winter,Rural,34.67250000000003
Winter,Rural,35.26650000000002
Winter,Rural,35.78850000000002
Winter,Rural,36.10600000000004
Winter,Rural,35.962000000000025
Winter,Rural,32.96000000000003
Winter,Rural,32.94350000000003
Winter,Rural,33.17800000000003
Winter,Rural,34.63650000000002
Winter,Rural,35.16600000000003
Winter,Rural,35.059000000000026
Winter,Rural,34.44000000000001
Winter,Rural,34.36650000000003
Winter,Rural,34.94050000000003
Winter,Rural,35.439500000000024
Winter,Rural,35.50400000000003
Winter,Rural,35.38950000000003
Winter,Rural,35.006500000000024
Winter,Rural,32.658500000000025
Winter,Rural,32.38050000000004
Winter,Rural,32.79400000000003
Winter,Rural,32.871500000000026
Winter,Rural,32.707000000000036
Winter,Rural,33.51900000000003
Winter,Rural,34.40250000000004
Winter,Rural,34.49200000000003
Winter,Rural,34.073000000000036
Winter,Rural,34.30500000000004
Winter,Rural,34.808000000000014
Winter,Rural,35.20850000000003
Winter,Rural,35.202500000000015
Winter,Rural,35.08800000000002
Winter,Rural,31.917000000000023
Winter,Rural,31.995000000000015
Winter,Rural,32.29000000000003
Winter,Rural,32.498500000000035
Winter,Rural,32.84700000000002
Winter,Rural,33.71700000000002
Winter,Rural,34.16500000000002
Winter,Rural,34.04650000000001
Winter,Rural,33.87150000000004
Winter,Rural,34.03550000000003
Winter,Rural,34.09500000000001
Winter,Rural,34.51150000000003
Winter,Rural,34.88100000000003
Winter,Rural,35.03300000000004
Winter,Rural,35.20600000000003
Winter,Rural,30.675000000000033
Winter,Rural,32.90600000000002
Winter,Rural,33.478500000000025
Winter,Rural,34.181000000000026
Winter,Rural,34.47650000000003
Winter,Rural,34.61700000000003
Winter,Rural,34.63800000000003
Winter,Rural,34.72150000000004
Winter,Rural,34.683000000000035
Winter,Rural,33.931000000000026
Winter,Rural,33.71400000000002
Winter,Rural,33.91800000000003
Winter,Rural,34.29000000000002
Winter,Rural,34.62650000000003
Winter,Rural,29.62500000000003
Winter,Rural,30.34200000000003
Winter,Rural,31.363000000000028
Winter,Rural,32.76750000000003
Winter,Rural,33.75100000000002
Winter,Rural,34.20950000000003
Winter,Rural,34.38250000000002
Winter,Rural,34.671000000000035
Winter,Rural,34.89400000000004
Winter,Rural,34.483000000000025
Winter,Rural,34.09700000000004
Winter,Rural,34.75750000000002
Winter,Rural,30.13700000000002
Winter,Rural,30.790000000000028
Winter,Rural,33.44950000000004
Winter,Rural,34.41800000000002
Winter,Rural,34.52800000000003
Winter,Rural,34.08000000000003
Winter,Rural,34.34700000000002
Winter,Rural,35.11450000000002
Winter,Rural,32.34150000000004
Winter,Rural,33.18150000000003
Winter,Rural,33.22400000000003
Winter,Rural,31.80150000000004
Winter,Rural,34.33700000000002
Winter,Rural,34.42550000000004
Winter,Rural,34.04550000000004
Winter,Rural,34.512000000000036
Winter,Rural,29.942000000000036
Winter,Rural,31.008000000000028
Winter,Rural,33.27100000000003
Winter,Rural,33.83850000000003
Winter,Rural,33.559000000000026
Winter,Rural,32.47300000000003
Winter,Rural,32.523000000000025
Winter,Rural,31.611500000000024
Winter,Rural,30.771000000000026
Winter,Rural,30.331000000000028
Winter,Rural,30.91850000000003
Winter,Rural,31.80800000000002
Winter,Rural,32.94100000000002
Winter,Rural,33.52300000000004
Winter,Rural,33.62400000000003
Winter,Rural,32.88700000000003
Winter,Rural,31.732500000000023
Winter,Rural,31.865500000000043
Winter,Rural,31.970000000000027
Winter,Rural,30.911000000000023
Winter,Rural,30.404000000000032
Winter,Rural,31.573500000000035
Winter,Rural,32.75100000000003
Winter,Rural,34.16750000000002
Winter,Rural,34.320500000000024
Winter,Rural,33.72300000000003
Winter,Rural,32.59250000000004
Winter,Rural,31.426000000000034
Winter,Rural,31.11300000000004
Winter,Rural,31.437000000000022
Winter,Rural,30.745000000000026
Winter,Rural,30.771000000000026
Winter,Rural,30.38300000000003
Winter,Rural,34.94700000000003
Winter,Rural,33.97650000000003
Winter,Rural,32.84550000000003
Winter,Rural,31.582500000000017
Winter,Rural,31.168500000000044
Winter,Rural,32.134500000000024
Winter,Rural,32.28550000000003
Winter,Rural,35.79100000000003
Winter,Rural,33.86200000000002
Winter,Rural,32.62000000000003
Winter,Rural,33.00600000000002
Winter,Rural,32.863000000000014
Winter,Rural,30.633500000000026
Winter,Rural,30.45300000000003
Winter,Rural,32.04400000000003
Winter,Rural,33.36000000000003
Winter,Rural,34.699000000000034
Winter,Rural,35.749000000000024
Winter,Rural,35.15900000000003
Winter,Rural,34.248000000000026
Winter,Rural,33.644000000000034
Winter,Rural,33.25300000000003
Winter,Rural,33.52900000000004
Winter,Rural,33.015500000000024
Winter,Rural,32.50650000000003
Winter,Rural,32.94700000000002
Winter,Rural,32.89950000000002
Winter,Rural,32.46650000000003
Winter,Rural,31.32700000000002
Winter,Rural,31.11300000000002
Winter,Rural,31.52600000000003
Winter,Rural,32.71600000000002
Winter,Rural,33.584500000000034
Winter,Rural,34.44050000000003
Winter,Rural,34.920000000000016
Winter,Rural,33.962000000000025
Winter,Rural,33.79600000000003
Winter,Rural,33.44200000000002
Winter,Rural,33.210500000000025
Winter,Rural,32.36450000000003
Winter,Rural,32.58950000000003
Winter,Rural,32.89350000000003
Winter,Rural,31.31800000000003
Winter,Rural,31.464500000000026
Winter,Rural,30.61600000000003
Winter,Rural,31.426500000000022
Winter,Rural,32.70900000000004
Winter,Rural,33.88250000000003
Winter,Rural,34.143500000000024
Winter,Rural,33.906000000000034
Winter,Rural,34.000000000000014
Winter,Rural,33.09750000000003
Winter,Rural,28.847500000000025
Winter,Rural,31.118500000000022
Winter,Rural,31.83500000000002
Winter,Rural,32.79050000000002
Winter,Rural,34.05500000000003
Winter,Rural,35.281000000000034
Winter,Rural,35.461000000000034
Winter,Rural,34.863500000000045
Winter,Rural,33.93750000000002
Winter,Rural,33.14000000000003
Winter,Rural,29.16850000000003
Winter,Rural,28.68350000000002
Winter,Rural,28.65500000000003
Winter,Rural,32.314000000000036
Winter,Rural,33.070000000000036
Winter,Rural,33.35700000000004
Winter,Rural,33.34700000000002
Winter,Rural,33.37150000000002
Winter,Rural,33.30950000000002
Winter,Rural,33.870500000000035
Winter,Rural,34.028000000000034
Winter,Rural,33.76250000000003
Winter,Rural,34.40800000000004
Winter,Rural,34.57800000000004
Winter,Rural,29.358500000000028
Winter,Rural,28.80600000000004
Winter,Rural,28.855000000000025
Winter,Rural,29.44700000000003
Winter,Rural,30.732500000000034
Winter,Rural,31.781000000000017
Winter,Rural,32.20350000000003
Winter,Rural,32.603500000000025
Winter,Rural,33.07100000000003
Winter,Rural,33.36450000000002
Winter,Rural,33.14600000000003
Winter,Rural,32.96800000000003
Winter,Rural,33.81300000000003
Winter,Rural,35.026000000000025
Winter,Rural,34.92950000000003
Winter,Rural,34.253500000000024
Winter,Rural,33.897000000000034
Winter,Rural,30.42700000000002
Winter,Rural,30.258000000000028
Winter,Rural,29.47450000000004
Winter,Rural,29.19250000000003
Winter,Rural,29.738500000000034
Winter,Rural,30.858500000000028
Winter,Rural,32.057000000000045
Winter,Rural,32.95600000000004
Winter,Rural,33.25850000000004
Winter,Rural,32.973500000000044
Winter,Rural,32.908000000000015
Winter,Rural,32.94300000000001
Winter,Rural,33.00750000000003
Winter,Rural,33.147000000000034
Winter,Rural,33.12900000000002
Winter,Rural,34.39100000000003
Winter,Rural,35.24500000000004
Winter,Rural,35.89950000000003
Winter,Rural,35.87250000000002
Winter,Rural,35.04150000000003
Winter,Rural,34.47100000000004
Winter,Rural,34.52850000000002
Winter,Rural,34.535500000000035
Winter,Rural,31.291000000000018
Winter,Rural,30.490500000000033
Winter,Rural,30.099500000000024
Winter,Rural,30.852000000000025
Winter,Rural,31.902000000000033
Winter,Rural,32.15600000000002
Winter,Rural,32.503500000000024
Winter,Rural,33.32150000000003
Winter,Rural,33.36000000000003
Winter,Rural,33.11150000000002
Winter,Rural,32.87700000000004
Winter,Rural,32.772500000000036
Winter,Rural,33.363000000000014
Winter,Rural,33.87500000000003
Winter,Rural,33.685000000000024
Winter,Rural,33.701000000000036
Winter,Rural,34.173500000000026
Winter,Rural,34.879500000000036
Winter,Rural,35.16050000000003
Winter,Rural,34.57500000000003
Winter,Rural,33.84250000000004
Winter,Rural,33.67750000000001
Winter,Rural,30.012051282051306
Winter,Rural,30.07650000000003
Winter,Rural,30.095500000000026
Winter,Rural,31.20650000000004
Winter,Rural,31.720000000000027
Winter,Rural,31.549500000000023
Winter,Rural,31.33050000000003
Winter,Rural,31.97900000000003
Winter,Rural,33.107000000000035
Winter,Rural,33.193000000000026
Winter,Rural,32.343500000000034
Winter,Rural,32.52250000000002
Winter,Rural,33.26050000000002
Winter,Rural,33.35800000000002
Winter,Rural,32.96900000000004
Winter,Rural,33.46400000000004
Winter,Rural,34.39150000000002
Winter,Rural,34.259500000000024
Winter,Rural,33.52500000000004
Winter,Rural,33.22300000000003
Winter,Rural,33.48550000000003
Winter,Rural,34.122500000000024
Winter,Rural,34.45700000000003
Winter,Rural,34.21050000000004
Winter,Rural,33.61000000000003
Winter,Rural,33.37200000000003
Winter,Rural,30.031000000000027
Winter,Rural,30.093000000000018
Winter,Rural,30.285000000000025
Winter,Rural,30.347500000000032
Winter,Rural,30.164000000000026
Winter,Rural,30.12050000000003
Winter,Rural,30.20700000000003
Winter,Rural,31.743500000000033
Winter,Rural,32.39650000000003
Winter,Rural,32.370500000000035
Winter,Rural,32.19050000000002
Winter,Rural,32.15600000000003
Winter,Rural,32.75900000000003
Winter,Rural,33.615500000000026
Winter,Rural,33.757000000000026
Winter,Rural,32.744000000000035
Winter,Rural,31.729000000000042
Winter,Rural,32.477000000000025
Winter,Rural,33.514000000000024
Winter,Rural,33.62450000000003
Winter,Rural,33.02250000000002
Winter,Rural,32.84400000000003
Winter,Rural,33.91450000000003
Winter,Rural,34.52850000000002
Winter,Rural,33.83500000000002
Winter,Rural,32.800000000000026
Winter,Rural,32.17450000000002
Winter,Rural,32.27550000000004
Winter,Rural,33.18200000000003
Winter,Rural,34.09200000000003
Winter,Rural,34.03700000000003
Winter,Rural,29.825000000000028
Winter,Rural,30.049000000000024
Winter,Rural,30.178500000000025
Winter,Rural,30.830000000000023
Winter,Rural,31.11800000000004
Winter,Rural,31.62500000000002
Winter,Rural,32.45850000000003
Winter,Rural,33.071000000000026
Winter,Rural,32.95650000000002
Winter,Rural,32.74650000000005
Winter,Rural,33.19050000000002
Winter,Rural,34.02250000000002
Winter,Rural,34.17200000000002
Winter,Rural,31.608000000000025
Winter,Rural,31.12850000000002
Winter,Rural,32.27550000000004
Winter,Rural,33.08000000000003
Winter,Rural,32.79300000000004
Winter,Rural,32.387000000000036
Winter,Rural,33.05300000000003
Winter,Rural,34.207500000000024
Winter,Rural,34.17100000000003
Winter,Rural,33.085000000000036
Winter,Rural,32.07500000000003
Winter,Rural,32.04100000000004
Winter,Rural,32.84500000000002
Winter,Rural,33.68450000000003
Winter,Rural,34.02300000000004
Winter,Rural,29.494500000000027
Winter,Rural,29.876500000000032
Winter,Rural,30.16900000000003
Winter,Rural,30.79450000000002
Winter,Rural,31.498500000000043
Winter,Rural,31.831500000000027
Winter,Rural,32.46300000000002
Winter,Rural,32.81850000000003
Winter,Rural,32.38550000000003
Winter,Rural,32.33750000000003
Winter,Rural,32.633000000000024
Winter,Rural,32.889500000000034
Winter,Rural,33.13400000000003
Winter,Rural,33.19950000000002
Winter,Rural,34.32850000000003
Winter,Rural,33.541500000000035
Winter,Rural,31.976500000000026
Winter,Rural,30.66700000000003
Winter,Rural,30.78850000000002
Winter,Rural,31.67300000000004
Winter,Rural,31.980500000000042
Winter,Rural,32.13750000000003
Winter,Rural,32.99550000000002
Winter,Rural,34.00600000000003
Winter,Rural,34.461500000000036
Winter,Rural,33.68550000000003
Winter,Rural,32.49250000000002
Winter,Rural,31.954000000000036
Winter,Rural,32.52050000000003
Winter,Rural,33.22100000000002
Winter,Rural,29.134000000000025
Winter,Rural,29.542000000000037
Winter,Rural,30.15950000000002
Winter,Rural,30.720500000000037
Winter,Rural,31.56700000000003
Winter,Rural,32.833500000000036
Winter,Rural,33.97550000000004
Winter,Rural,33.49150000000004
Winter,Rural,33.20450000000004
Winter,Rural,33.06050000000003
Winter,Rural,32.48050000000003
Winter,Rural,33.09350000000002
Winter,Rural,33.78650000000002
Winter,Rural,32.95450000000003
Winter,Rural,32.02700000000004
Winter,Rural,30.98600000000003
Winter,Rural,30.52000000000002
Winter,Rural,30.857500000000027
Winter,Rural,31.31250000000002
Winter,Rural,31.749000000000024
Winter,Rural,32.98050000000002
Winter,Rural,34.11450000000002
Winter,Rural,34.53450000000003
Winter,Rural,34.36500000000003
Winter,Rural,33.25850000000002
Winter,Rural,32.00400000000004
Winter,Rural,31.779000000000025
Winter,Rural,32.339000000000034
Winter,Rural,29.28000000000004
Winter,Rural,30.17550000000002
Winter,Rural,31.336000000000034
Winter,Rural,32.606500000000025
Winter,Rural,34.02850000000003
Winter,Rural,34.62150000000003
Winter,Rural,33.54050000000002
Winter,Rural,33.393000000000015
Winter,Rural,33.36700000000003
Winter,Rural,32.46250000000002
Winter,Rural,31.49600000000003
Winter,Rural,31.88600000000003
Winter,Rural,33.17250000000003
Winter,Rural,33.386000000000024
Winter,Rural,32.124000000000024
Winter,Rural,31.305000000000017
Winter,Rural,30.803500000000035
Winter,Rural,30.228500000000025
Winter,Rural,30.139500000000027
Winter,Rural,30.43100000000003
Winter,Rural,30.790500000000026
Winter,Rural,31.85250000000003
Winter,Rural,33.38800000000002
Winter,Rural,34.27550000000004
Winter,Rural,34.390000000000036
Winter,Rural,33.60750000000002
Winter,Rural,32.21450000000003
Winter,Rural,31.577500000000025
Winter,Rural,28.693500000000018
Winter,Rural,29.574500000000036
Winter,Rural,31.049000000000024
Winter,Rural,34.62750000000004
Winter,Rural,35.22650000000004
Winter,Rural,35.21250000000005
Winter,Rural,34.010000000000026
Winter,Rural,33.68650000000002
Winter,Rural,33.70800000000001
Winter,Rural,33.258500000000026
Winter,Rural,32.03900000000004
Winter,Rural,31.233000000000033
Winter,Rural,31.91700000000003
Winter,Rural,32.942500000000024
Winter,Rural,31.000500000000024
Winter,Rural,30.40550000000003
Winter,Rural,29.98550000000003
Winter,Rural,29.375500000000024
Winter,Rural,29.16750000000003
Winter,Rural,29.412000000000017
Winter,Rural,30.25000000000002
Winter,Rural,31.543000000000017
Winter,Rural,32.974000000000025
Winter,Rural,33.85150000000003
Winter,Rural,33.71300000000002
Winter,Rural,32.31250000000004
Winter,Rural,31.177500000000027
Winter,Rural,31.325500000000023
Winter,Rural,33.40750000000003
Winter,Rural,34.772000000000034
Winter,Rural,35.51150000000003
Winter,Rural,35.18600000000002
Winter,Rural,34.71700000000003
Winter,Rural,33.97100000000004
Winter,Rural,33.80500000000004
Winter,Rural,33.019000000000034
Winter,Rural,32.03750000000004
Winter,Rural,31.51550000000004
Winter,Rural,32.04300000000003
Winter,Rural,32.047000000000025
Winter,Rural,30.82950000000003
Winter,Rural,30.134000000000015
Winter,Rural,30.123500000000035
Winter,Rural,29.71800000000003
Winter,Rural,29.208500000000026
Winter,Rural,29.00500000000003
Winter,Rural,29.069000000000027
Winter,Rural,29.748500000000014
Winter,Rural,31.36800000000003
Winter,Rural,32.884500000000024
Winter,Rural,33.39600000000004
Winter,Rural,29.892000000000024
Winter,Rural,32.59300000000003
Winter,Rural,33.96450000000003
Winter,Rural,31.475000000000023
Winter,Rural,30.806500000000035
Winter,Rural,29.968000000000018
Winter,Rural,29.147000000000048
Winter,Rural,29.40450000000003
Winter,Rural,29.84250000000003
Winter,Rural,29.54200000000003
Winter,Rural,28.93500000000002
Winter,Rural,28.486000000000026
Winter,Rural,28.583000000000027
Winter,Rural,29.558500000000027
Winter,Rural,31.29350000000003
Winter,Rural,30.490500000000036
Winter,Rural,31.173000000000037
Winter,Rural,32.91550000000002
Winter,Rural,30.942000000000036
Winter,Rural,29.762500000000028
Winter,Rural,29.199000000000023
Winter,Rural,28.566000000000038
Winter,Rural,28.009000000000025
Winter,Rural,27.91900000000004
Winter,Rural,28.284500000000037
Winter,Rural,29.08400000000004
Winter,Rural,30.47750000000004
Winter,Rural,31.652500000000032
Winter,Rural,29.232000000000035
Winter,Rural,30.091000000000037
Winter,Rural,30.551500000000033
Winter,Rural,30.781000000000024
Winter,Rural,31.49150000000002
Winter,Rural,32.46250000000002
Winter,Rural,35.76750000000003
Winter,Rural,32.64400000000003
Winter,Rural,30.422000000000036
Winter,Rural,29.22750000000003
Winter,Rural,28.54750000000002
Winter,Rural,28.055000000000025
Winter,Rural,27.886000000000035
Winter,Rural,28.290500000000037
Winter,Rural,29.358000000000025
Winter,Rural,31.166000000000018
Winter,Rural,28.767500000000034
Winter,Rural,29.613000000000035
Winter,Rural,30.316500000000026
Winter,Rural,30.74800000000004
Winter,Rural,31.389500000000034
Winter,Rural,32.16800000000002
Winter,Rural,33.01050000000002
Winter,Rural,33.52700000000003
Winter,Rural,33.91050000000002
Winter,Rural,34.22950000000002
Winter,Rural,33.01700000000003
Winter,Rural,30.45550000000002
Winter,Rural,28.839000000000034
Winter,Rural,28.07950000000003
Winter,Rural,27.921500000000027
Winter,Rural,28.28650000000003
Winter,Rural,29.761000000000042
Winter,Rural,30.439500000000027
Winter,Rural,31.500500000000024
Winter,Rural,32.20350000000002
Winter,Rural,32.90650000000002
Winter,Rural,33.21600000000003
Winter,Rural,33.24500000000004
Winter,Rural,33.894500000000036
Winter,Rural,34.876500000000036
Winter,Rural,34.10900000000002
Winter,Rural,32.36200000000003
Winter,Rural,29.99750000000003
Pre-monsoon,Urban,33.28555555555559
Pre-monsoon,Urban,32.5555555555556
Pre-monsoon,Urban,33.670800000000014
Pre-monsoon,Urban,34.74132075471701
Pre-monsoon,Urban,35.02629629629633
Pre-monsoon,Urban,36.118518518518556
Pre-monsoon,Urban,34.84600000000003
Pre-monsoon,Urban,35.50781818181823
Pre-monsoon,Urban,33.97145454545458
Pre-monsoon,Urban,35.2696363636364
Pre-monsoon,Urban,35.885636363636394
Pre-monsoon,Urban,35.85327272727275
Pre-monsoon,Urban,34.17181818181822
Pre-monsoon,Urban,35.23909090909093
Pre-monsoon,Urban,35.624909090909114
Pre-monsoon,Urban,35.483454545454585
Pre-monsoon,Urban,33.434000000000026
Pre-monsoon,Urban,34.273636363636385
Pre-monsoon,Urban,35.19000000000004
Pre-monsoon,Urban,35.92127272727275
Pre-monsoon,Urban,35.379818181818216
Pre-monsoon,Urban,35.72818181818186
Pre-monsoon,Urban,35.9518181818182
Pre-monsoon,Urban,34.21000000000002
Pre-monsoon,Urban,34.97800000000003
Pre-monsoon,Urban,35.524909090909105
Pre-monsoon,Urban,35.49254545454547
Pre-monsoon,Urban,35.52709090909096
Pre-monsoon,Urban,34.04963636363638
Pre-monsoon,Urban,34.87290909090911
Pre-monsoon,Urban,35.38236363636366
Pre-monsoon,Urban,35.33290909090912
Pre-monsoon,Urban,35.33836363636367
Pre-monsoon,Urban,36.20454545454548
Pre-monsoon,Urban,33.06703703703707
Pre-monsoon,Urban,33.55436363636367
Pre-monsoon,Urban,34.39618181818184
Pre-monsoon,Urban,35.1336363636364
Pre-monsoon,Urban,35.36672727272731
Pre-monsoon,Urban,35.412181818181836
Pre-monsoon,Urban,35.99909090909093
Pre-monsoon,Urban,36.49327272727275
Pre-monsoon,Urban,33.53509090909094
Pre-monsoon,Urban,34.69436363636367
Pre-monsoon,Urban,35.26854545454549
Pre-monsoon,Urban,36.36927272727278
Pre-monsoon,Urban,37.044545454545485
Pre-monsoon,Urban,36.30309090909093
Pre-monsoon,Urban,33.76127272727276
Pre-monsoon,Urban,34.95690909090912
Pre-monsoon,Urban,35.80309090909093
Pre-monsoon,Urban,36.60163636363641
Pre-monsoon,Urban,37.1616363636364
Pre-monsoon,Urban,36.53555555555558
Pre-monsoon,Urban,34.72236363636367
Pre-monsoon,Urban,36.084545454545484
Pre-monsoon,Urban,36.8747272727273
Pre-monsoon,Urban,37.40636363636366
Pre-monsoon,Urban,35.836181818181835
Pre-monsoon,Urban,35.26963636363638
Pre-monsoon,Urban,32.344615384615416
Pre-monsoon,Urban,34.24309090909094
Pre-monsoon,Urban,36.55545454545459
Pre-monsoon,Urban,37.108181818181855
Pre-monsoon,Urban,37.435090909090945
Pre-monsoon,Urban,37.210727272727304
Pre-monsoon,Urban,36.31545454545458
Pre-monsoon,Urban,37.022962962962986
Pre-monsoon,Urban,36.768181818181844
Pre-monsoon,Urban,32.839454545454565
Pre-monsoon,Urban,33.816181818181825
Pre-monsoon,Urban,34.863090909090936
Pre-monsoon,Urban,35.342000000000034
Pre-monsoon,Urban,35.9787272727273
Pre-monsoon,Urban,36.83472727272731
Pre-monsoon,Urban,37.21872727272731
Pre-monsoon,Urban,37.260545454545486
Pre-monsoon,Urban,37.11800000000003
Pre-monsoon,Urban,37.04454545454547
Pre-monsoon,Urban,37.784181818181835
Pre-monsoon,Urban,38.44345454545458
Pre-monsoon,Urban,33.94163636363639
Pre-monsoon,Urban,35.696909090909124
Pre-monsoon,Urban,36.82527272727277
Pre-monsoon,Urban,37.70090909090912
Pre-monsoon,Urban,38.10527272727275
Pre-monsoon,Urban,38.23036363636366
Pre-monsoon,Urban,37.86090909090911
Pre-monsoon,Urban,37.47800000000002
Pre-monsoon,Urban,37.70672727272729
Pre-monsoon,Urban,38.48090909090912
Pre-monsoon,Urban,33.77545454545458
Pre-monsoon,Urban,34.828545454545484
Pre-monsoon,Urban,36.33109090909094
Pre-monsoon,Urban,37.41400000000002
Pre-monsoon,Urban,38.11690909090911
Pre-monsoon,Urban,38.976545454545494
Pre-monsoon,Urban,39.26890909090911
Pre-monsoon,Urban,37.85218181818183
Pre-monsoon,Urban,37.174727272727296
Pre-monsoon,Urban,36.99290909090912
Pre-monsoon,Urban,34.48636363636366
Pre-monsoon,Urban,35.963454545454574
Pre-monsoon,Urban,39.1816363636364
Pre-monsoon,Urban,40.257272727272756
Pre-monsoon,Urban,40.62381818181821
Pre-monsoon,Urban,40.12090909090914
Pre-monsoon,Urban,39.3307272727273
Pre-monsoon,Urban,38.3376363636364
Pre-monsoon,Urban,37.46563636363639
Pre-monsoon,Urban,36.59872727272731
Pre-monsoon,Urban,34.29836363636367
Pre-monsoon,Urban,35.09072727272729
Pre-monsoon,Urban,36.41436363636366
Pre-monsoon,Urban,37.80636363636364
Pre-monsoon,Urban,39.43218181818186
Pre-monsoon,Urban,40.33909090909095
Pre-monsoon,Urban,40.2507272727273
Pre-monsoon,Urban,39.84454545454548
Pre-monsoon,Urban,38.896545454545496
Pre-monsoon,Urban,38.08309090909095
Pre-monsoon,Urban,37.39727272727274
Pre-monsoon,Urban,33.620181818181834
Pre-monsoon,Urban,34.7576363636364
Pre-monsoon,Urban,35.76345454545457
Pre-monsoon,Urban,36.92200000000003
Pre-monsoon,Urban,37.98781818181821
Pre-monsoon,Urban,38.6096363636364
Pre-monsoon,Urban,38.92963636363638
Pre-monsoon,Urban,39.5605454545455
Pre-monsoon,Urban,39.206363636363676
Pre-monsoon,Urban,38.412545454545466
Pre-monsoon,Urban,38.15654545454548
Pre-monsoon,Urban,33.273272727272754
Pre-monsoon,Urban,35.118363636363654
Pre-monsoon,Urban,36.10200000000001
Pre-monsoon,Urban,36.66309090909093
Pre-monsoon,Urban,37.16636363636367
Pre-monsoon,Urban,37.55327272727274
Pre-monsoon,Urban,37.69254545454548
Pre-monsoon,Urban,37.483090909090926
Pre-monsoon,Urban,36.92927272727276
Pre-monsoon,Urban,37.416545454545485
Pre-monsoon,Urban,33.62600000000003
Pre-monsoon,Urban,33.94309090909095
Pre-monsoon,Urban,35.11472727272731
Pre-monsoon,Urban,36.0467272727273
Pre-monsoon,Urban,36.63872727272731
Pre-monsoon,Urban,36.908545454545475
Pre-monsoon,Urban,36.98090909090911
Pre-monsoon,Urban,36.20818181818185
Pre-monsoon,Urban,35.97981818181821
Pre-monsoon,Urban,37.504181818181834
Pre-monsoon,Urban,33.91400000000002
Pre-monsoon,Urban,35.098727272727295
Pre-monsoon,Urban,35.98054545454547
Pre-monsoon,Urban,36.608181818181855
Pre-monsoon,Urban,37.23290909090911
Pre-monsoon,Urban,37.25290909090911
Pre-monsoon,Urban,36.82890909090912
Pre-monsoon,Urban,36.8107272727273
Pre-monsoon,Urban,32.80854545454548
Pre-monsoon,Urban,33.71000000000002
Pre-monsoon,Urban,34.74127272727274
Pre-monsoon,Urban,36.01800000000003
Pre-monsoon,Urban,36.822000000000024
Pre-monsoon,Urban,37.384545454545474
Pre-monsoon,Urban,36.264909090909114
Pre-monsoon,Urban,35.45800000000003
Pre-monsoon,Urban,37.08709090909096
Pre-monsoon,Urban,37.684909090909116
Pre-monsoon,Urban,37.48018181818184
Pre-monsoon,Urban,36.73872727272732
Pre-monsoon,Urban,37.52563636363638
Pre-monsoon,Urban,36.22018181818185
Pre-monsoon,Urban,36.713272727272766
Pre-monsoon,Urban,37.189636363636396
Pre-monsoon,Urban,37.013636363636394
Pre-monsoon,Urban,33.80490909090911
Pre-monsoon,Urban,37.08709090909092
Pre-monsoon,Urban,37.87836363636366
Pre-monsoon,Urban,36.27909090909094
Pre-monsoon,Urban,36.52418181818185
Pre-monsoon,Urban,36.10890909090912
Pre-monsoon,Urban,35.392545454545484
Pre-monsoon,Urban,37.732545454545495
Pre-monsoon,Urban,37.69072727272729
Pre-monsoon,Urban,37.24127272727276
Pre-monsoon,Urban,34.326727272727304
Pre-monsoon,Urban,34.70090909090913
Pre-monsoon,Urban,36.03727272727275
Pre-monsoon,Urban,36.50781818181821
Pre-monsoon,Urban,36.45290909090912
Pre-monsoon,Urban,36.328181818181854
Pre-monsoon,Urban,36.986363636363656
Pre-monsoon,Urban,36.8016363636364
Pre-monsoon,Urban,36.71872727272731
Pre-monsoon,Urban,36.7747272727273
Pre-monsoon,Urban,36.4296363636364
Pre-monsoon,Urban,36.87145454545457
Pre-monsoon,Urban,37.59218181818185
Pre-monsoon,Urban,38.42527272727275
Pre-monsoon,Urban,37.824545454545486
Pre-monsoon,Urban,36.73690909090913
Pre-monsoon,Urban,37.061636363636396
Pre-monsoon,Urban,36.72054545454548
Pre-monsoon,Urban,38.53363636363639
Pre-monsoon,Urban,37.56781818181822
Pre-monsoon,Urban,36.121272727272746
Pre-monsoon,Urban,37.25872727272731
Pre-monsoon,Urban,37.31145454545458
Pre-monsoon,Urban,37.05109090909094
Pre-monsoon,Urban,38.139454545454576
Pre-monsoon,Urban,37.92818181818185
Pre-monsoon,Urban,37.370000000000026
Pre-monsoon,Urban,35.71145454545457
Pre-monsoon,Urban,36.730363636363656
Pre-monsoon,Urban,36.93400000000003
Pre-monsoon,Urban,37.36745454545457
Pre-monsoon,Urban,37.88963636363639
Pre-monsoon,Urban,37.36527272727275
Pre-monsoon,Urban,36.82890909090912
Pre-monsoon,Urban,33.084545454545484
Pre-monsoon,Urban,35.12236363636365
Pre-monsoon,Urban,36.3616363636364
Pre-monsoon,Urban,36.62381818181821
Pre-monsoon,Urban,37.01509090909092
Pre-monsoon,Urban,37.12600000000003
Pre-monsoon,Urban,33.33363636363639
Pre-monsoon,Urban,35.265636363636375
Pre-monsoon,Urban,36.27981818181821
Pre-monsoon,Urban,36.656666666666695
Pre-monsoon,Urban,36.720181818181835
Pre-monsoon,Urban,37.24490909090912
Pre-monsoon,Urban,33.3667272727273
Pre-monsoon,Urban,35.10854545454547
Pre-monsoon,Urban,36.49945454545457
Pre-monsoon,Urban,36.93036363636366
Pre-monsoon,Rural,36.4456363636364
Pre-monsoon,Rural,33.692222222222256
Pre-monsoon,Rural,35.337636363636385
Pre-monsoon,Rural,36.64745454545457
Pre-monsoon,Rural,37.50963636363639
Pre-monsoon,Rural,33.91290909090911
Pre-monsoon,Rural,35.650727272727295
Pre-monsoon,Rural,37.13290909090912
Pre-monsoon,Rural,37.79618181818185
Pre-monsoon,Rural,37.677636363636395
Pre-monsoon,Rural,36.09727272727275
Pre-monsoon,Rural,34.64200000000003
Pre-monsoon,Rural,36.46600000000003
Pre-monsoon,Rural,37.42781818181822
Pre-monsoon,Rural,37.54381818181821
Pre-monsoon,Rural,36.95481481481485
Pre-monsoon,Rural,35.291818181818215
Pre-monsoon,Rural,35.13703703703706
Pre-monsoon,Rural,35.115454545454575
Pre-monsoon,Rural,36.60672727272729
Pre-monsoon,Rural,36.94127272727275
Pre-monsoon,Rural,36.5398181818182
Pre-monsoon,Rural,35.80018181818185
Pre-monsoon,Rural,35.15654545454549
Pre-monsoon,Rural,35.281851851851876
Pre-monsoon,Rural,35.818148148148175
Pre-monsoon,Rural,35.66454545454548
Pre-monsoon,Rural,36.670727272727305
Pre-monsoon,Rural,36.43472727272731
Pre-monsoon,Rural,36.120545454545486
Pre-monsoon,Rural,36.196909090909124
Pre-monsoon,Rural,36.3351851851852
Pre-monsoon,Rural,36.03333333333335
Pre-monsoon,Rural,35.29436363636368
Pre-monsoon,Rural,33.86018867924532
Pre-monsoon,Rural,34.971454545454584
Pre-monsoon,Rural,36.16636363636366
Pre-monsoon,Rural,36.60018181818184
Pre-monsoon,Rural,36.46854545454548
Pre-monsoon,Rural,36.784909090909125
Pre-monsoon,Rural,36.97400000000002
Pre-monsoon,Rural,36.767454545454555
Pre-monsoon,Rural,36.174000000000035
Pre-monsoon,Rural,34.19909090909094
Pre-monsoon,Rural,35.21872727272731
Pre-monsoon,Rural,36.02381818181821
Pre-monsoon,Rural,36.20127272727275
Pre-monsoon,Rural,36.04854545454549
Pre-monsoon,Rural,35.75400000000002
Pre-monsoon,Rural,35.7896363636364
Pre-monsoon,Rural,36.347454545454575
Pre-monsoon,Rural,36.62054545454547
Pre-monsoon,Rural,33.64018181818184
Pre-monsoon,Rural,34.31909090909094
Pre-monsoon,Rural,34.66927272727276
Pre-monsoon,Rural,34.752909090909114
Pre-monsoon,Rural,34.55909090909094
Pre-monsoon,Rural,35.85181818181821
Pre-monsoon,Rural,36.5845454545455
Pre-monsoon,Rural,34.854363636363665
Pre-monsoon,Rural,33.010727272727294
Pre-monsoon,Rural,35.40345454545458
Pre-monsoon,Rural,34.63036363636367
Pre-monsoon,Rural,36.97800000000004
Pre-monsoon,Rural,34.55000000000003
Pre-monsoon,Rural,36.87618181818185
Pre-monsoon,Rural,39.069272727272754
Pre-monsoon,Rural,34.21490566037738
Pre-monsoon,Rural,35.26781818181821
Pre-monsoon,Rural,36.20490909090912
Pre-monsoon,Rural,39.23072727272729
Pre-monsoon,Rural,39.24927272727276
Pre-monsoon,Rural,34.60527272727274
Pre-monsoon,Rural,35.868545454545476
Pre-monsoon,Rural,36.85145454545458
Pre-monsoon,Rural,37.00163636363639
Pre-monsoon,Rural,39.00963636363637
Pre-monsoon,Rural,39.84600000000002
Pre-monsoon,Rural,39.492545454545485
Pre-monsoon,Rural,38.94854545454548
Pre-monsoon,Rural,35.7238181818182
Pre-monsoon,Rural,37.090000000000025
Pre-monsoon,Rural,37.724074074074096
Pre-monsoon,Rural,38.05888888888891
Pre-monsoon,Rural,38.24592592592595
Pre-monsoon,Rural,37.8416363636364
Pre-monsoon,Rural,37.63545454545458
Pre-monsoon,Rural,38.368909090909106
Pre-monsoon,Rural,39.449636363636394
Pre-monsoon,Rural,39.82854545454548
Pre-monsoon,Rural,40.13181818181822
Pre-monsoon,Rural,40.18481481481484
Pre-monsoon,Rural,40.05111111111114
Pre-monsoon,Rural,33.931454545454564
Pre-monsoon,Rural,34.6416363636364
Pre-monsoon,Rural,36.37509090909094
Pre-monsoon,Rural,37.74309090909096
Pre-monsoon,Rural,38.608545454545485
Pre-monsoon,Rural,39.23145454545456
Pre-monsoon,Rural,38.13909090909094
Pre-monsoon,Rural,39.53036363636366
Pre-monsoon,Rural,39.6227272727273
Pre-monsoon,Rural,39.64454545454549
Pre-monsoon,Rural,39.47945454545458
Pre-monsoon,Rural,33.72490909090914
Pre-monsoon,Rural,34.63400000000003
Pre-monsoon,Rural,37.51036363636366
Pre-monsoon,Rural,38.44927272727274
Pre-monsoon,Rural,39.19000000000003
Pre-monsoon,Rural,39.632909090909116
Pre-monsoon,Rural,38.59909090909094
Pre-monsoon,Rural,37.82054545454548
Pre-monsoon,Rural,38.52527272727274
Pre-monsoon,Rural,39.33509090909092
Pre-monsoon,Rural,39.53654545454549
Pre-monsoon,Rural,39.791818181818215
Pre-monsoon,Rural,39.90636363636365
Pre-monsoon,Rural,39.360909090909125
Pre-monsoon,Rural,38.517272727272754
Pre-monsoon,Rural,32.498000000000026
Pre-monsoon,Rural,33.491818181818225
Pre-monsoon,Rural,38.86781818181821
Pre-monsoon,Rural,39.303090909090926
Pre-monsoon,Rural,39.06090909090913
Pre-monsoon,Rural,39.39145454545458
Pre-monsoon,Rural,38.95981818181823
Pre-monsoon,Rural,39.55436363636369
Pre-monsoon,Rural,39.997272727272744
Pre-monsoon,Rural,39.8318181818182
Pre-monsoon,Rural,39.33800000000004
Pre-monsoon,Rural,38.44018181818185
Pre-monsoon,Rural,37.35981818181821
Pre-monsoon,Rural,32.01254545454549
Pre-monsoon,Rural,32.88418181818186
Pre-monsoon,Rural,35.99181818181821
Pre-monsoon,Rural,37.73109090909092
Pre-monsoon,Rural,38.54563636363638
Pre-monsoon,Rural,39.2136363636364
Pre-monsoon,Rural,40.097636363636376
Pre-monsoon,Rural,39.24333333333337
Pre-monsoon,Rural,39.23690909090914
Pre-monsoon,Rural,39.581272727272776
Pre-monsoon,Rural,38.97181818181822
Pre-monsoon,Rural,37.75400000000002
Pre-monsoon,Rural,37.295454545454575
Pre-monsoon,Rural,37.74127272727275
Pre-monsoon,Rural,37.858363636363656
Pre-monsoon,Rural,38.739454545454585
Pre-monsoon,Rural,39.370727272727294
Pre-monsoon,Rural,40.15836363636366
Pre-monsoon,Rural,40.449636363636394
Pre-monsoon,Rural,39.430000000000035
Pre-monsoon,Rural,39.10709090909092
Pre-monsoon,Rural,39.106363636363675
Pre-monsoon,Rural,38.02818181818185
Pre-monsoon,Rural,37.26962962962967
Pre-monsoon,Rural,37.0477777777778
Pre-monsoon,Rural,36.72054545454547
Pre-monsoon,Rural,36.11145454545458
Pre-monsoon,Rural,35.619818181818225
Pre-monsoon,Rural,37.163090909090954
Pre-monsoon,Rural,38.53254545454548
Pre-monsoon,Rural,39.73555555555557
Pre-monsoon,Rural,39.77555555555558
Pre-monsoon,Rural,39.55962962962967
Pre-monsoon,Rural,39.46709090909094
Pre-monsoon,Rural,39.39800000000003
Pre-monsoon,Rural,38.09436363636366
Pre-monsoon,Rural,37.26851851851855
Pre-monsoon,Rural,36.698888888888916
Pre-monsoon,Rural,36.39444444444447
Pre-monsoon,Rural,35.84185185185187
Pre-monsoon,Rural,35.89518518518522
Pre-monsoon,Rural,35.70660377358493
Pre-monsoon,Rural,37.34490909090912
Pre-monsoon,Rural,39.30814814814817
Pre-monsoon,Rural,39.54037037037038
Pre-monsoon,Rural,39.576296296296334
Pre-monsoon,Rural,38.71629629629633
Pre-monsoon,Rural,37.50481481481484
Pre-monsoon,Rural,37.022592592592616
Pre-monsoon,Rural,36.90370370370373
Pre-monsoon,Rural,36.62148148148152
Pre-monsoon,Rural,35.82740740740745
Pre-monsoon,Rural,36.38111111111113
Pre-monsoon,Rural,36.02111111111114
Pre-monsoon,Rural,35.4040740740741
Pre-monsoon,Rural,35.00703703703708
Pre-monsoon,Rural,37.5940740740741
Pre-monsoon,Rural,39.55666666666669
Pre-monsoon,Rural,39.28592592592595
Pre-monsoon,Rural,38.68555555555559
Pre-monsoon,Rural,37.659259259259294
Pre-monsoon,Rural,37.29629629629631
Pre-monsoon,Rural,37.64518518518521
Pre-monsoon,Rural,36.7603703703704
Pre-monsoon,Rural,35.9792592592593
Pre-monsoon,Rural,37.33384615384619
Pre-monsoon,Rural,39.16111111111114
Pre-monsoon,Rural,37.975185185185225
Pre-monsoon,Rural,38.98481481481485
Pre-monsoon,Rural,39.07814814814819
Pre-monsoon,Rural,38.78169811320759
Pre-monsoon,Rural,38.27226415094343
Pre-monsoon,Rural,37.75740740740744
Pre-monsoon,Rural,37.54740740740744
Pre-monsoon,Rural,37.83148148148152
Pre-monsoon,Rural,37.33444444444447
Pre-monsoon,Rural,36.31925925925928
Pre-monsoon,Rural,36.47518518518521
Pre-monsoon,Rural,38.35075471698115
Pre-monsoon,Rural,34.01555555555559
Pre-monsoon,Rural,38.85962962962966
Pre-monsoon,Rural,39.43444444444447
Pre-monsoon,Rural,39.76185185185188
Pre-monsoon,Rural,39.859259259259304
Pre-monsoon,Rural,39.6640740740741
Pre-monsoon,Rural,39.68481481481486
Pre-monsoon,Rural,38.825555555555574
Pre-monsoon,Rural,37.63037037037039
Pre-monsoon,Rural,38.14296296296299
Pre-monsoon,Rural,39.798888888888904
Pre-monsoon,Rural,40.68259259259261
Pre-monsoon,Rural,40.638888888888914
Pre-monsoon,Rural,37.782222222222245
Pre-monsoon,Rural,39.358888888888934
Pre-monsoon,Rural,39.56962962962965
Pre-monsoon,Rural,39.344444444444484
Pre-monsoon,Rural,39.49037037037039
Pre-monsoon,Rural,39.910000000000025
Pre-monsoon,Rural,39.292222222222236
Pre-monsoon,Rural,39.28333333333337
Pre-monsoon,Rural,39.99777777777779
Pre-monsoon,Rural,39.95074074074078
Pre-monsoon,Rural,35.86777777777781
Pre-monsoon,Rural,38.212222222222266
Pre-monsoon,Rural,39.124444444444485
Pre-monsoon,Rural,39.262222222222235
Pre-monsoon,Rural,40.17290909090912
Pre-monsoon,Rural,40.474444444444465
Pre-monsoon,Rural,38.69444444444448
Pre-monsoon,Rural,36.22962962962966
Pre-monsoon,Rural,38.10370370370375
Pre-monsoon,Rural,39.31000000000001
Pre-monsoon,Rural,40.17218181818184
Pre-monsoon,Rural,40.83654545454549
Pre-monsoon,Rural,40.999090909090945
Pre-monsoon,Rural,41.0240740740741
Pre-monsoon,Rural,38.99037037037041
Pre-monsoon,Rural,36.54222222222226
Pre-monsoon,Rural,38.514814814814834
Pre-monsoon,Rural,40.33072727272729
Pre-monsoon,Rural,40.49763636363638
Pre-monsoon,Rural,40.24418181818183
Pre-monsoon,Rural,39.27000000000004
Pre-monsoon,Rural,38.349272727272755
Pre-monsoon,Rural,39.412592592592624
Pre-monsoon,Rural,35.40592592592596
Pre-monsoon,Rural,39.61592592592596
Pre-monsoon,Rural,40.228518518518555
Pre-monsoon,Rural,40.34444444444446
Pre-monsoon,Rural,35.416296296296345
Pre-monsoon,Rural,39.9503703703704
Pre-monsoon,Rural,40.33703703703707
Pre-monsoon,Rural,41.15185185185187
Pre-monsoon,Rural,41.69074074074076
Pre-monsoon,Rural,36.36333333333335
Pre-monsoon,Rural,41.153703703703734
Pre-monsoon,Rural,41.56703703703707
Pre-monsoon,Rural,42.16111111111114
Pre-monsoon,Rural,42.07962962962966
Pre-monsoon,Rural,36.68854545454549
Pre-monsoon,Rural,36.04963636363639
Pre-monsoon,Rural,36.43581818181822
Pre-monsoon,Rural,40.825555555555574
Pre-monsoon,Rural,41.497777777777806
Pre-monsoon,Rural,41.80000000000005
Pre-monsoon,Rural,42.33666666666669
Pre-monsoon,Rural,36.82890909090912
Pre-monsoon,Rural,36.870363636363656
Pre-monsoon,Rural,37.96090909090912
Pre-monsoon,Rural,41.162962962963
Pre-monsoon,Rural,41.43888888888892
Pre-monsoon,Rural,41.87814814814818
Pre-monsoon,Rural,42.22740740740743
Pre-monsoon,Rural,37.890727272727304
Pre-monsoon,Rural,37.413272727272755
Pre-monsoon,Rural,38.282592592592614
Pre-monsoon,Rural,39.1758181818182
Pre-monsoon,Rural,39.366296296296326
Pre-monsoon,Rural,40.886666666666706
Pre-monsoon,Rural,41.21703703703708
Pre-monsoon,Rural,41.15666666666667
Pre-monsoon,Rural,41.3766666666667
Pre-monsoon,Rural,38.41436363636366
Pre-monsoon,Rural,38.61763636363639
Pre-monsoon,Rural,39.74781818181821
Pre-monsoon,Rural,39.94454545454548
Pre-monsoon,Rural,39.98888888888892
Pre-monsoon,Rural,39.12148148148152
Pre-monsoon,Rural,37.75259259259263
Pre-monsoon,Rural,38.78851851851854
Pre-monsoon,Rural,40.852962962963
Pre-monsoon,Rural,40.817037037037046
Pre-monsoon,Rural,40.61296296296297
Pre-monsoon,Rural,38.45727272727276
Pre-monsoon,Rural,38.10814814814818
Pre-monsoon,Rural,39.40629629629631
Pre-monsoon,Rural,40.455185185185215
Pre-monsoon,Rural,40.467818181818195
Pre-monsoon,Rural,40.85290909090911
Pre-monsoon,Rural,41.00592592592596
Pre-monsoon,Rural,38.17836363636365
Pre-monsoon,Rural,37.69727272727274
Pre-monsoon,Rural,38.5809090909091
Pre-monsoon,Rural,39.48745454545457
Pre-monsoon,Rural,40.340545454545484
Pre-monsoon,Rural,40.61072727272729
Pre-monsoon,Rural,40.914000000000044
Pre-monsoon,Rural,40.932909090909114
Pre-monsoon,Rural,39.30200000000002
Pre-monsoon,Rural,37.67763636363639
Pre-monsoon,Rural,37.52127272727275
Pre-monsoon,Rural,38.48709090909093
Pre-monsoon,Rural,39.88309090909093
Pre-monsoon,Rural,40.80709090909093
Pre-monsoon,Rural,41.22272727272731
Pre-monsoon,Rural,41.17000000000003
Pre-monsoon,Rural,41.54777777777781
Pre-monsoon,Rural,41.35962962962967
Pre-monsoon,Rural,38.18381818181821
Pre-monsoon,Rural,37.22345454545459
Pre-monsoon,Rural,38.5947272727273
Pre-monsoon,Rural,40.19545454545456
Pre-monsoon,Rural,41.79036363636367
Pre-monsoon,Rural,41.527454545454574
Pre-monsoon,Rural,41.40054545454548
Pre-monsoon,Rural,41.59509090909094
Pre-monsoon,Rural,41.719090909090944
Pre-monsoon,Rural,41.89690909090912
Pre-monsoon,Rural,41.733333333333356
Pre-monsoon,Rural,41.45296296296299
Pre-monsoon,Rural,42.03740740740746
Pre-monsoon,Rural,39.15036363636367
Pre-monsoon,Rural,38.42000000000002
Pre-monsoon,Rural,38.90370370370374
Pre-monsoon,Rural,40.93763636363637
Pre-monsoon,Rural,42.05290909090911
Pre-monsoon,Rural,42.16200000000002
Pre-monsoon,Rural,42.40272727272729
Pre-monsoon,Rural,42.92818181818187
Pre-monsoon,Rural,43.02854545454547
Pre-monsoon,Rural,42.88854545454548
Pre-monsoon,Rural,42.46090909090912
Pre-monsoon,Rural,41.63339622641512
Pre-monsoon,Rural,41.15905660377361
Pre-monsoon,Rural,40.88333333333335
Pre-monsoon,Rural,39.100181818181845
Pre-monsoon,Rural,38.7003703703704
Pre-monsoon,Rural,40.12148148148152
Pre-monsoon,Rural,42.22622641509438
Pre-monsoon,Rural,42.34925925925928
Pre-monsoon,Rural,43.21618181818184
Pre-monsoon,Rural,43.77836363636364
Pre-monsoon,Rural,44.38745454545458
Pre-monsoon,Rural,44.17690909090911
Pre-monsoon,Rural,42.406603773584926
Pre-monsoon,Rural,41.061320754717016
Pre-monsoon,Rural,40.33814814814817
Pre-monsoon,Rural,39.70740740740744
Pre-monsoon,Rural,38.839818181818224
Pre-monsoon,Rural,38.7947272727273
Pre-monsoon,Rural,38.2998181818182
Pre-monsoon,Rural,37.85703703703707
Pre-monsoon,Rural,41.84000000000002
Pre-monsoon,Rural,42.49592592592597
Pre-monsoon,Rural,43.585925925925956
Pre-monsoon,Rural,44.06925925925928
Pre-monsoon,Rural,44.36851851851855
Pre-monsoon,Rural,44.813333333333375
Pre-monsoon,Rural,44.118148148148165
Pre-monsoon,Rural,42.98037037037039
Pre-monsoon,Rural,42.31867924528304
Pre-monsoon,Rural,41.77792452830191
Pre-monsoon,Rural,41.66207547169813
Pre-monsoon,Rural,40.610377358490595
Pre-monsoon,Rural,37.58481481481483
Pre-monsoon,Rural,37.16259259259261
Pre-monsoon,Rural,37.5914814814815
Pre-monsoon,Rural,41.43037037037039
Pre-monsoon,Rural,42.08481481481483
Pre-monsoon,Rural,43.123703703703725
Pre-monsoon,Rural,44.14629629629632
Pre-monsoon,Rural,44.60481481481484
Pre-monsoon,Rural,44.735555555555585
Pre-monsoon,Rural,44.48037037037039
Pre-monsoon,Rural,43.78148148148151
Pre-monsoon,Rural,43.07629629629633
Pre-monsoon,Rural,43.19830188679247
Pre-monsoon,Rural,43.72962264150945
Pre-monsoon,Rural,43.604339622641554
Pre-monsoon,Rural,36.988148148148184
Pre-monsoon,Rural,37.35629629629633
Pre-monsoon,Rural,38.49185185185188
Pre-monsoon,Rural,41.74259259259262
Pre-monsoon,Rural,42.642962962963004
Pre-monsoon,Rural,43.404814814814834
Pre-monsoon,Rural,44.0577777777778
Pre-monsoon,Rural,44.45481481481484
Pre-monsoon,Rural,44.42666666666669
Pre-monsoon,Rural,44.00296296296301
Pre-monsoon,Rural,43.14296296296298
Pre-monsoon,Rural,43.19296296296298
Pre-monsoon,Rural,44.05226415094342
Pre-monsoon,Rural,44.52886792452834
Pre-monsoon,Rural,44.69641509433967
Pre-monsoon,Rural,37.46672727272729
Pre-monsoon,Rural,38.97814814814816
Pre-monsoon,Rural,39.50370370370374
Pre-monsoon,Rural,40.51740740740744
Pre-monsoon,Rural,41.772962962962986
Pre-monsoon,Rural,42.51481481481486
Pre-monsoon,Rural,43.6914814814815
Pre-monsoon,Rural,44.28296296296298
Pre-monsoon,Rural,43.964444444444496
Pre-monsoon,Rural,43.09185185185188
Pre-monsoon,Rural,43.20222222222225
Pre-monsoon,Rural,44.047037037037065
Pre-monsoon,Rural,44.52703703703708
Pre-monsoon,Rural,44.66927272727276
Pre-monsoon,Rural,44.627454545454576
Pre-monsoon,Rural,39.40962962962966
Pre-monsoon,Rural,39.638148148148176
Pre-monsoon,Rural,40.288888888888906
Pre-monsoon,Rural,42.30740740740744
Pre-monsoon,Rural,43.22370370370374
Pre-monsoon,Rural,43.11444444444447
Pre-monsoon,Rural,42.40518518518521
Pre-monsoon,Rural,42.780740740740775
Pre-monsoon,Rural,43.68333333333336
Pre-monsoon,Rural,44.54259259259261
Pre-monsoon,Rural,44.41218181818185
Pre-monsoon,Rural,44.50600000000004
Pre-monsoon,Rural,44.03290909090912
Pre-monsoon,Rural,38.70600000000003
Pre-monsoon,Rural,38.575555555555574
Pre-monsoon,Rural,39.17888888888891
Pre-monsoon,Rural,39.71111111111116
Pre-monsoon,Rural,39.3514814814815
Pre-monsoon,Rural,40.58370370370374
Pre-monsoon,Rural,42.03481481481484
Pre-monsoon,Rural,42.44888888888891
Pre-monsoon,Rural,41.97074074074077
Pre-monsoon,Rural,42.756666666666696
Pre-monsoon,Rural,43.59296296296298
Pre-monsoon,Rural,44.20037037037041
Pre-monsoon,Rural,44.29666666666671
Pre-monsoon,Rural,44.35740740740743
Pre-monsoon,Rural,37.96629629629633
Pre-monsoon,Rural,38.4238181818182
Pre-monsoon,Rural,38.71545454545457
Pre-monsoon,Rural,38.98481481481485
Pre-monsoon,Rural,39.42888888888892
Pre-monsoon,Rural,40.50333333333336
Pre-monsoon,Rural,41.47333333333336
Pre-monsoon,Rural,41.51740740740743
Pre-monsoon,Rural,41.375185185185224
Pre-monsoon,Rural,42.040740740740766
Pre-monsoon,Rural,42.67037037037039
Pre-monsoon,Rural,43.16444444444448
Pre-monsoon,Rural,43.630740740740755
Pre-monsoon,Rural,43.78444444444448
Pre-monsoon,Rural,43.72854545454548
Pre-monsoon,Rural,36.03000000000003
Pre-monsoon,Rural,39.28927272727274
Pre-monsoon,Rural,40.43400000000001
Pre-monsoon,Rural,41.30454545454547
Pre-monsoon,Rural,41.34236363636366
Pre-monsoon,Rural,41.38127272727273
Pre-monsoon,Rural,41.947777777777816
Pre-monsoon,Rural,42.35925925925927
Pre-monsoon,Rural,42.31185185185187
Pre-monsoon,Rural,41.48444444444448
Pre-monsoon,Rural,41.151481481481504
Pre-monsoon,Rural,41.602592592592615
Pre-monsoon,Rural,41.880370370370386
Pre-monsoon,Rural,42.18037037037042
Pre-monsoon,Rural,35.24418181818183
Pre-monsoon,Rural,36.33145454545458
Pre-monsoon,Rural,37.57222222222226
Pre-monsoon,Rural,39.35333333333337
Pre-monsoon,Rural,40.475818181818205
Pre-monsoon,Rural,40.73254545454548
Pre-monsoon,Rural,41.33000000000001
Pre-monsoon,Rural,42.011818181818214
Pre-monsoon,Rural,42.5049090909091
Pre-monsoon,Rural,42.072592592592635
Pre-monsoon,Rural,41.637777777777806
Pre-monsoon,Rural,42.55777777777781
Pre-monsoon,Rural,36.484074074074115
Pre-monsoon,Rural,36.750363636363666
Pre-monsoon,Rural,39.55181818181821
Pre-monsoon,Rural,41.312909090909116
Pre-monsoon,Rural,41.5027272727273
Pre-monsoon,Rural,41.053272727272756
Pre-monsoon,Rural,41.508888888888926
Pre-monsoon,Rural,42.18148148148149
Pre-monsoon,Rural,39.93000000000002
Pre-monsoon,Rural,40.874814814814854
Pre-monsoon,Rural,40.648181818181854
Pre-monsoon,Rural,37.68818181818185
Pre-monsoon,Rural,40.65254545454546
Pre-monsoon,Rural,40.88418181818184
Pre-monsoon,Rural,40.363090909090936
Pre-monsoon,Rural,40.812962962963
Pre-monsoon,Rural,35.66962962962966
Pre-monsoon,Rural,38.04259259259263
Pre-monsoon,Rural,40.93592592592595
Pre-monsoon,Rural,41.4914814814815
Pre-monsoon,Rural,40.941272727272754
Pre-monsoon,Rural,38.98090909090912
Pre-monsoon,Rural,38.462363636363676
Pre-monsoon,Rural,37.61727272727275
Pre-monsoon,Rural,37.55218181818184
Pre-monsoon,Rural,35.995185185185214
Pre-monsoon,Rural,37.214074074074105
Pre-monsoon,Rural,38.64592592592595
Pre-monsoon,Rural,40.11185185185186
Pre-monsoon,Rural,40.887037037037075
Pre-monsoon,Rural,41.13629629629632
Pre-monsoon,Rural,40.04927272727275
Pre-monsoon,Rural,38.11109090909093
Pre-monsoon,Rural,37.722000000000016
Pre-monsoon,Rural,37.887454545454595
Pre-monsoon,Rural,36.752909090909114
Pre-monsoon,Rural,36.39222222222225
Pre-monsoon,Rural,37.639090909090946
Pre-monsoon,Rural,39.20888888888893
Pre-monsoon,Rural,40.586000000000034
Pre-monsoon,Rural,41.3678181818182
Pre-monsoon,Rural,41.02200000000002
Pre-monsoon,Rural,39.584909090909115
Pre-monsoon,Rural,38.61254545454548
Pre-monsoon,Rural,37.06200000000002
Pre-monsoon,Rural,38.070363636363666
Pre-monsoon,Rural,36.907090909090954
Pre-monsoon,Rural,36.96600000000004
Pre-monsoon,Rural,36.31727272727276
Pre-monsoon,Rural,41.991090909090936
Pre-monsoon,Rural,41.16418181818184
Pre-monsoon,Rural,40.075090909090925
Pre-monsoon,Rural,38.35290909090912
Pre-monsoon,Rural,37.33618181818185
Pre-monsoon,Rural,38.459090909090925
Pre-monsoon,Rural,38.82163636363638
Pre-monsoon,Rural,42.33945454545457
Pre-monsoon,Rural,40.88490909090912
Pre-monsoon,Rural,39.47872727272729
Pre-monsoon,Rural,39.744545454545495
Pre-monsoon,Rural,39.14518518518521
Pre-monsoon,Rural,36.98927272727275
Pre-monsoon,Rural,36.931454545454585
Pre-monsoon,Rural,38.97581818181822
Pre-monsoon,Rural,40.58818181818186
Pre-monsoon,Rural,41.87327272727275
Pre-monsoon,Rural,42.42927272727275
Pre-monsoon,Rural,41.981272727272746
Pre-monsoon,Rural,41.34490909090911
Pre-monsoon,Rural,40.39618181818184
Pre-monsoon,Rural,40.07072727272731
Pre-monsoon,Rural,40.44527272727276
Pre-monsoon,Rural,39.62963636363639
Pre-monsoon,Rural,39.12418181818186
Pre-monsoon,Rural,39.824181818181856
Pre-monsoon,Rural,39.80851851851856
Pre-monsoon,Rural,39.26555555555557
Pre-monsoon,Rural,37.951090909090944
Pre-monsoon,Rural,37.67109090909094
Pre-monsoon,Rural,38.35400000000003
Pre-monsoon,Rural,39.65436363636365
Pre-monsoon,Rural,40.80927272727275
Pre-monsoon,Rural,41.60818181818185
Pre-monsoon,Rural,41.50163636363639
Pre-monsoon,Rural,40.75690909090912
Pre-monsoon,Rural,40.353272727272774
Pre-monsoon,Rural,39.82018181818185
Pre-monsoon,Rural,40.05763636363639
Pre-monsoon,Rural,39.1867272727273
Pre-monsoon,Rural,39.95581818181821
Pre-monsoon,Rural,40.5203703703704
Pre-monsoon,Rural,37.99218181818185
Pre-monsoon,Rural,38.49581818181821
Pre-monsoon,Rural,36.87363636363641
Pre-monsoon,Rural,37.85836363636368
Pre-monsoon,Rural,39.29400000000002
Pre-monsoon,Rural,40.80163636363638
Pre-monsoon,Rural,40.198363636363645
Pre-monsoon,Rural,40.30272727272728
Pre-monsoon,Rural,41.05581818181822
Pre-monsoon,Rural,40.11072727272729
Pre-monsoon,Rural,34.292545454545476
Pre-monsoon,Rural,37.39800000000004
Pre-monsoon,Rural,38.4536363636364
Pre-monsoon,Rural,39.55072727272731
Pre-monsoon,Rural,41.03800000000001
Pre-monsoon,Rural,41.862000000000016
Pre-monsoon,Rural,42.34592592592594
Pre-monsoon,Rural,42.010370370370396
Pre-monsoon,Rural,41.344181818181845
Pre-monsoon,Rural,40.988518518518546
Pre-monsoon,Rural,34.46127272727276
Pre-monsoon,Rural,33.79436363636365
Pre-monsoon,Rural,33.934363636363656
Pre-monsoon,Rural,39.108181818181855
Pre-monsoon,Rural,39.97363636363641
Pre-monsoon,Rural,40.496545454545476
Pre-monsoon,Rural,40.61909090909092
Pre-monsoon,Rural,40.92709090909096
Pre-monsoon,Rural,41.22018181818184
Pre-monsoon,Rural,41.62236363636366
Pre-monsoon,Rural,41.59363636363639
Pre-monsoon,Rural,41.4987272727273
Pre-monsoon,Rural,42.58636363636365
Pre-monsoon,Rural,42.96851851851856
Pre-monsoon,Rural,34.89509090909093
Pre-monsoon,Rural,34.11000000000002
Pre-monsoon,Rural,34.13836363636366
Pre-monsoon,Rural,35.21109090909094
Pre-monsoon,Rural,37.30418181818185
Pre-monsoon,Rural,38.78454545454549
Pre-monsoon,Rural,39.01800000000003
Pre-monsoon,Rural,39.5987272727273
Pre-monsoon,Rural,39.95400000000003
Pre-monsoon,Rural,40.385555555555584
Pre-monsoon,Rural,40.5118181818182
Pre-monsoon,Rural,40.96090909090912
Pre-monsoon,Rural,42.011090909090946
Pre-monsoon,Rural,43.07629629629632
Pre-monsoon,Rural,42.43836363636367
Pre-monsoon,Rural,42.19036363636365
Pre-monsoon,Rural,41.970363636363665
Pre-monsoon,Rural,36.25400000000002
Pre-monsoon,Rural,35.88709090909094
Pre-monsoon,Rural,34.795454545454575
Pre-monsoon,Rural,34.58818181818186
Pre-monsoon,Rural,36.09703703703706
Pre-monsoon,Rural,37.73851851851854
Pre-monsoon,Rural,39.16854545454548
Pre-monsoon,Rural,40.2787272727273
Pre-monsoon,Rural,40.42018181818184
Pre-monsoon,Rural,40.15945454545458
Pre-monsoon,Rural,40.25618181818187
Pre-monsoon,Rural,40.39407407407411
Pre-monsoon,Rural,40.4525454545455
Pre-monsoon,Rural,40.99618181818185
Pre-monsoon,Rural,41.186000000000035
Pre-monsoon,Rural,42.587454545454584
Pre-monsoon,Rural,43.43407407407412
Pre-monsoon,Rural,44.07370370370373
Pre-monsoon,Rural,43.762962962962995
Pre-monsoon,Rural,42.94148148148151
Pre-monsoon,Rural,42.230000000000025
Pre-monsoon,Rural,42.500181818181844
Pre-monsoon,Rural,42.67472727272732
Pre-monsoon,Rural,37.181636363636386
Pre-monsoon,Rural,36.13036363636366
Pre-monsoon,Rural,35.83518518518521
Pre-monsoon,Rural,37.2187272727273
Pre-monsoon,Rural,38.85363636363638
Pre-monsoon,Rural,39.28666666666671
Pre-monsoon,Rural,39.96555555555559
Pre-monsoon,Rural,40.71472727272728
Pre-monsoon,Rural,40.76781818181821
Pre-monsoon,Rural,40.62054545454549
Pre-monsoon,Rural,40.42709090909093
Pre-monsoon,Rural,40.40418181818186
Pre-monsoon,Rural,41.107454545454566
Pre-monsoon,Rural,41.94527272727275
Pre-monsoon,Rural,41.85618181818185
Pre-monsoon,Rural,41.88854545454547
Pre-monsoon,Rural,42.24418181818184
Pre-monsoon,Rural,42.974074074074096
Pre-monsoon,Rural,43.262727272727304
Pre-monsoon,Rural,42.76127272727276
Pre-monsoon,Rural,42.22854545454548
Pre-monsoon,Rural,42.17555555555558
Pre-monsoon,Rural,35.380000000000024
Pre-monsoon,Rural,35.326666666666696
Pre-monsoon,Rural,35.150363636363664
Pre-monsoon,Rural,36.58111111111114
Pre-monsoon,Rural,37.3798181818182
Pre-monsoon,Rural,37.28090909090913
Pre-monsoon,Rural,37.253636363636396
Pre-monsoon,Rural,38.46444444444447
Pre-monsoon,Rural,39.94927272727274
Pre-monsoon,Rural,40.20345454545456
Pre-monsoon,Rural,39.35436363636367
Pre-monsoon,Rural,39.784074074074084
Pre-monsoon,Rural,40.74555555555559
Pre-monsoon,Rural,40.85145454545459
Pre-monsoon,Rural,40.47945454545458
Pre-monsoon,Rural,41.19654545454548
Pre-monsoon,Rural,42.51618181818184
Pre-monsoon,Rural,42.45363636363641
Pre-monsoon,Rural,41.58272727272729
Pre-monsoon,Rural,41.34703703703707
Pre-monsoon,Rural,41.11181818181821
Pre-monsoon,Rural,41.7987272727273
Pre-monsoon,Rural,42.6547272727273
Pre-monsoon,Rural,42.72672727272732
Pre-monsoon,Rural,42.23581818181822
Pre-monsoon,Rural,41.871090909090924
Pre-monsoon,Rural,35.57851851851854
Pre-monsoon,Rural,35.236296296296324
Pre-monsoon,Rural,35.195090909090936
Pre-monsoon,Rural,35.027090909090944
Pre-monsoon,Rural,34.780181818181845
Pre-monsoon,Rural,34.89400000000003
Pre-monsoon,Rural,35.187777777777804
Pre-monsoon,Rural,36.98563636363639
Pre-monsoon,Rural,37.85145454545459
Pre-monsoon,Rural,37.971818181818215
Pre-monsoon,Rural,37.859818181818206
Pre-monsoon,Rural,38.052545454545466
Pre-monsoon,Rural,39.11145454545456
Pre-monsoon,Rural,40.261636363636406
Pre-monsoon,Rural,40.6816363636364
Pre-monsoon,Rural,39.54054545454549
Pre-monsoon,Rural,38.312181818181855
Pre-monsoon,Rural,39.39290909090911
Pre-monsoon,Rural,40.82636363636365
Pre-monsoon,Rural,41.02090909090913
Pre-monsoon,Rural,40.44200000000003
Pre-monsoon,Rural,40.300545454545485
Pre-monsoon,Rural,41.77109090909094
Pre-monsoon,Rural,42.65327272727275
Pre-monsoon,Rural,41.96600000000004
Pre-monsoon,Rural,40.955454545454565
Pre-monsoon,Rural,40.50490909090912
Pre-monsoon,Rural,40.80563636363639
Pre-monsoon,Rural,41.99327272727276
Pre-monsoon,Rural,43.046363636363665
Pre-monsoon,Rural,42.93836363636369
Pre-monsoon,Rural,34.95444444444448
Pre-monsoon,Rural,35.006000000000014
Pre-monsoon,Rural,34.8787272727273
Pre-monsoon,Rural,35.5198181818182
Pre-monsoon,Rural,36.30037037037037
Pre-monsoon,Rural,37.081272727272754
Pre-monsoon,Rural,38.1136363636364
Pre-monsoon,Rural,38.75654545454549
Pre-monsoon,Rural,38.699454545454564
Pre-monsoon,Rural,38.65981818181822
Pre-monsoon,Rural,39.39363636363639
Pre-monsoon,Rural,40.57545454545458
Pre-monsoon,Rural,40.81581818181822
Pre-monsoon,Rural,38.057636363636405
Pre-monsoon,Rural,37.54854545454548
Pre-monsoon,Rural,39.13654545454549
Pre-monsoon,Rural,40.38309090909094
Pre-monsoon,Rural,40.223818181818224
Pre-monsoon,Rural,39.89763636363638
Pre-monsoon,Rural,40.93618181818185
Pre-monsoon,Rural,42.5696363636364
Pre-monsoon,Rural,42.5478181818182
Pre-monsoon,Rural,41.539090909090945
Pre-monsoon,Rural,40.770000000000024
Pre-monsoon,Rural,41.03618181818184
Pre-monsoon,Rural,42.03036363636366
Pre-monsoon,Rural,42.83145454545456
Pre-monsoon,Rural,43.1598181818182
Pre-monsoon,Rural,34.499090909090945
Pre-monsoon,Rural,34.755454545454576
Pre-monsoon,Rural,34.79690909090912
Pre-monsoon,Rural,35.539818181818205
Pre-monsoon,Rural,36.48236363636366
Pre-monsoon,Rural,36.85509090909094
Pre-monsoon,Rural,37.63618181818184
Pre-monsoon,Rural,38.19618181818184
Pre-monsoon,Rural,37.894000000000034
Pre-monsoon,Rural,38.04854545454549
Pre-monsoon,Rural,38.45333333333336
Pre-monsoon,Rural,38.97518518518521
Pre-monsoon,Rural,39.02527272727276
Pre-monsoon,Rural,39.34200000000003
Pre-monsoon,Rural,40.918727272727295
Pre-monsoon,Rural,40.36890909090911
Pre-monsoon,Rural,38.77800000000003
Pre-monsoon,Rural,37.15945454545458
Pre-monsoon,Rural,37.30381818181822
Pre-monsoon,Rural,38.44781818181821
Pre-monsoon,Rural,39.026363636363655
Pre-monsoon,Rural,39.63218181818184
Pre-monsoon,Rural,40.90527272727276
Pre-monsoon,Rural,42.21000000000004
Pre-monsoon,Rural,42.757272727272756
Pre-monsoon,Rural,42.12527272727273
Pre-monsoon,Rural,41.05836363636366
Pre-monsoon,Rural,40.67945454545456
Pre-monsoon,Rural,41.48818181818186
Pre-monsoon,Rural,42.38309090909095
Pre-monsoon,Rural,34.69259259259262
Pre-monsoon,Rural,35.02745454545457
Pre-monsoon,Rural,35.47327272727276
Pre-monsoon,Rural,35.83145454545458
Pre-monsoon,Rural,36.69618181818184
Pre-monsoon,Rural,38.18418181818185
Pre-monsoon,Rural,39.29981818181822
Pre-monsoon,Rural,38.98345454545455
Pre-monsoon,Rural,39.303703703703725
Pre-monsoon,Rural,39.21962962962966
Pre-monsoon,Rural,38.652962962962995
Pre-monsoon,Rural,39.459818181818214
Pre-monsoon,Rural,40.31618181818184
Pre-monsoon,Rural,39.81222222222225
Pre-monsoon,Rural,39.25962962962964
Pre-monsoon,Rural,37.99814814814819
Pre-monsoon,Rural,37.056666666666686
Pre-monsoon,Rural,37.17327272727275
Pre-monsoon,Rural,37.8238181818182
Pre-monsoon,Rural,38.80563636363639
Pre-monsoon,Rural,40.765272727272745
Pre-monsoon,Rural,42.318727272727315
Pre-monsoon,Rural,42.9747272727273
Pre-monsoon,Rural,42.81581818181822
Pre-monsoon,Rural,41.735090909090914
Pre-monsoon,Rural,40.37000000000004
Pre-monsoon,Rural,40.21545454545456
Pre-monsoon,Rural,41.24054545454549
Pre-monsoon,Rural,35.1416363636364
Pre-monsoon,Rural,35.98818181818185
Pre-monsoon,Rural,37.05727272727275
Pre-monsoon,Rural,38.22054545454548
Pre-monsoon,Rural,39.697777777777816
Pre-monsoon,Rural,40.161636363636404
Pre-monsoon,Rural,39.255454545454576
Pre-monsoon,Rural,39.499090909090945
Pre-monsoon,Rural,39.52709090909092
Pre-monsoon,Rural,38.54563636363639
Pre-monsoon,Rural,37.314000000000014
Pre-monsoon,Rural,37.79327272727274
Pre-monsoon,Rural,39.66888888888893
Pre-monsoon,Rural,39.803818181818215
Pre-monsoon,Rural,38.61545454545456
Pre-monsoon,Rural,37.940909090909116
Pre-monsoon,Rural,37.830000000000034
Pre-monsoon,Rural,36.968518518518536
Pre-monsoon,Rural,36.63792452830193
Pre-monsoon,Rural,36.92490909090912
Pre-monsoon,Rural,37.76345454545457
Pre-monsoon,Rural,39.35400000000001
Pre-monsoon,Rural,41.50490909090913
Pre-monsoon,Rural,42.60454545454548
Pre-monsoon,Rural,42.87909090909093
Pre-monsoon,Rural,42.07036363636369
Pre-monsoon,Rural,40.367090909090926
Pre-monsoon,Rural,39.57981818181822
Pre-monsoon,Rural,34.72454545454549
Pre-monsoon,Rural,35.35000000000002
Pre-monsoon,Rural,36.898000000000025
Pre-monsoon,Rural,40.230000000000025
Pre-monsoon,Rural,40.75888888888891
Pre-monsoon,Rural,40.62890909090912
Pre-monsoon,Rural,39.754000000000026
Pre-monsoon,Rural,39.807090909090945
Pre-monsoon,Rural,39.944181818181846
Pre-monsoon,Rural,39.47945454545456
Pre-monsoon,Rural,38.258888888888926
Pre-monsoon,Rural,37.153636363636394
Pre-monsoon,Rural,37.99872727272731
Pre-monsoon,Rural,39.35581818181821
Pre-monsoon,Rural,37.248545454545486
Pre-monsoon,Rural,36.83909090909094
Pre-monsoon,Rural,36.64444444444448
Pre-monsoon,Rural,35.76666666666671
Pre-monsoon,Rural,35.44345454545458
Pre-monsoon,Rural,36.13400000000003
Pre-monsoon,Rural,37.38418181818185
Pre-monsoon,Rural,39.3158181818182
Pre-monsoon,Rural,41.2747272727273
Pre-monsoon,Rural,42.28090909090912
Pre-monsoon,Rural,42.03509090909093
Pre-monsoon,Rural,40.48127272727274
Pre-monsoon,Rural,39.08592592592595
Pre-monsoon,Rural,36.81945454545456
Pre-monsoon,Rural,38.89363636363639
Pre-monsoon,Rural,40.63629629629631
Pre-monsoon,Rural,41.08745454545456
Pre-monsoon,Rural,40.537272727272764
Pre-monsoon,Rural,39.86709090909094
Pre-monsoon,Rural,39.59763636363639
Pre-monsoon,Rural,39.826363636363666
Pre-monsoon,Rural,39.30000000000004
Pre-monsoon,Rural,38.40962962962967
Pre-monsoon,Rural,37.99148148148151
Pre-monsoon,Rural,38.54555555555559
Pre-monsoon,Rural,38.58962962962966
Pre-monsoon,Rural,36.89962962962965
Pre-monsoon,Rural,36.05925925925929
Pre-monsoon,Rural,36.156296296296325
Pre-monsoon,Rural,35.66222222222224
Pre-monsoon,Rural,35.242962962962984
Pre-monsoon,Rural,35.022000000000006
Pre-monsoon,Rural,35.37327272727274
Pre-monsoon,Rural,36.3518181818182
Pre-monsoon,Rural,39.06600000000002
Pre-monsoon,Rural,41.26636363636364
Pre-monsoon,Rural,41.76163636363639
Pre-monsoon,Rural,34.93727272727277
Pre-monsoon,Rural,37.951454545454574
Pre-monsoon,Rural,39.731111111111154
Pre-monsoon,Rural,37.989259259259285
Pre-monsoon,Rural,37.192222222222256
Pre-monsoon,Rural,36.000370370370405
Pre-monsoon,Rural,34.888148148148176
Pre-monsoon,Rural,35.042962962962996
Pre-monsoon,Rural,35.36111111111114
Pre-monsoon,Rural,35.10111111111113
Pre-monsoon,Rural,34.57800000000003
Pre-monsoon,Rural,34.46963636363639
Pre-monsoon,Rural,35.068888888888914
Pre-monsoon,Rural,36.793703703703734
Pre-monsoon,Rural,39.51436363636366
Pre-monsoon,Rural,35.82000000000003
Pre-monsoon,Rural,36.439259259259295
Pre-monsoon,Rural,39.11444444444447
Pre-monsoon,Rural,36.86444444444448
Pre-monsoon,Rural,35.427358490566064
Pre-monsoon,Rural,34.55259259259261
Pre-monsoon,Rural,33.8455555555556
Pre-monsoon,Rural,33.37148148148152
Pre-monsoon,Rural,33.63000000000003
Pre-monsoon,Rural,34.859259259259275
Pre-monsoon,Rural,36.63814814814817
Pre-monsoon,Rural,38.56888888888893
Pre-monsoon,Rural,40.26185185185187
Pre-monsoon,Rural,34.44074074074076
Pre-monsoon,Rural,35.431111111111136
Pre-monsoon,Rural,35.856666666666705
Pre-monsoon,Rural,35.98074074074078
Pre-monsoon,Rural,36.69222222222225
Pre-monsoon,Rural,37.61074074074078
Pre-monsoon,Rural,41.61444444444447
Pre-monsoon,Rural,39.012222222222235
Pre-monsoon,Rural,36.55962962962964
Pre-monsoon,Rural,35.140370370370384
Pre-monsoon,Rural,34.08925925925927
Pre-monsoon,Rural,33.47555555555559
Pre-monsoon,Rural,33.5655555555556
Pre-monsoon,Rural,34.974074074074096
Pre-monsoon,Rural,37.26333333333336
Pre-monsoon,Rural,39.94629629629632
Pre-monsoon,Rural,33.73333333333336
Pre-monsoon,Rural,34.62296296296298
Pre-monsoon,Rural,35.27181818181822
Pre-monsoon,Rural,35.71254545454549
Pre-monsoon,Rural,36.74481481481485
Pre-monsoon,Rural,37.60814814814818
Pre-monsoon,Rural,38.51629629629632
Pre-monsoon,Rural,39.17592592592596
Pre-monsoon,Rural,39.665925925925954
Pre-monsoon,Rural,40.066666666666706
Pre-monsoon,Rural,39.54703703703707
Pre-monsoon,Rural,37.03888888888892
Pre-monsoon,Rural,34.96703703703707
Pre-monsoon,Rural,33.96849056603776
Pre-monsoon,Rural,33.79407407407411
Pre-monsoon,Rural,34.65925925925929
Pre-monsoon,Rural,34.42890909090911
Pre-monsoon,Rural,35.297272727272755
Pre-monsoon,Rural,36.7651851851852
Pre-monsoon,Rural,37.76592592592595
Pre-monsoon,Rural,38.41222222222224
Pre-monsoon,Rural,38.694000000000024
Pre-monsoon,Rural,39.21814814814817
Pre-monsoon,Rural,40.13444444444446
Pre-monsoon,Rural,41.56407407407411
Pre-monsoon,Rural,40.73259259259262
Pre-monsoon,Rural,38.83111111111115
Pre-monsoon,Rural,36.25740740740743
Monsoon,Urban,29.813636363636387
Monsoon,Urban,29.4948648648649
Monsoon,Urban,30.85571428571432
Monsoon,Urban,31.159000000000027
Monsoon,Urban,31.67466666666669
Monsoon,Urban,31.71562500000004
Monsoon,Urban,30.54862068965519
Monsoon,Urban,30.84578947368424
Monsoon,Urban,30.202500000000025
Monsoon,Urban,30.907560975609783
Monsoon,Urban,30.543333333333365
Monsoon,Urban,29.8326315789474
Monsoon,Urban,30.180243902439056
Monsoon,Urban,30.21761904761908
Monsoon,Urban,29.91256410256414
Monsoon,Urban,29.629428571428598
Monsoon,Urban,29.660526315789514
Monsoon,Urban,29.604634146341507
Monsoon,Urban,30.072439024390277
Monsoon,Urban,30.486666666666704
Monsoon,Urban,30.70945945945949
Monsoon,Urban,30.358108108108144
Monsoon,Urban,30.4751428571429
Monsoon,Urban,30.55171428571431
Monsoon,Urban,30.59000000000004
Monsoon,Urban,30.640810810810837
Monsoon,Urban,30.275945945945967
Monsoon,Urban,30.055625000000028
Monsoon,Urban,29.882571428571463
Monsoon,Urban,30.1447368421053
Monsoon,Urban,30.215945945945982
Monsoon,Urban,29.81270270270272
Monsoon,Urban,30.007058823529437
Monsoon,Urban,32.31666666666669
Monsoon,Urban,29.121612903225845
Monsoon,Urban,29.410526315789497
Monsoon,Urban,29.57900000000003
Monsoon,Urban,29.656315789473723
Monsoon,Urban,29.452777777777808
Monsoon,Urban,29.542432432432463
Monsoon,Urban,30.813870967741966
Monsoon,Urban,31.474848484848515
Monsoon,Urban,28.98894736842107
Monsoon,Urban,29.308918918918938
Monsoon,Urban,29.276153846153868
Monsoon,Urban,30.25285714285718
Monsoon,Urban,31.15941176470591
Monsoon,Urban,30.883750000000013
Monsoon,Urban,29.171621621621636
Monsoon,Urban,29.380526315789506
Monsoon,Urban,29.937692307692334
Monsoon,Urban,30.29150000000003
Monsoon,Urban,30.469459459459475
Monsoon,Urban,30.75000000000002
Monsoon,Urban,29.281000000000027
Monsoon,Urban,30.470000000000034
Monsoon,Urban,31.272777777777794
Monsoon,Urban,31.55176470588238
Monsoon,Urban,30.317692307692326
Monsoon,Urban,29.477647058823564
Monsoon,Urban,29.33434782608698
Monsoon,Urban,30.06317073170734
Monsoon,Urban,31.610555555555592
Monsoon,Urban,31.82176470588238
Monsoon,Urban,31.791290322580682
Monsoon,Urban,31.836206896551747
Monsoon,Urban,31.64724137931038
Monsoon,Urban,30.91727272727275
Monsoon,Urban,30.95000000000003
Monsoon,Urban,29.803333333333374
Monsoon,Urban,30.487000000000023
Monsoon,Urban,30.49571428571432
Monsoon,Urban,30.655641025641046
Monsoon,Urban,31.05166666666669
Monsoon,Urban,31.650666666666698
Monsoon,Urban,32.13857142857145
Monsoon,Urban,32.05214285714288
Monsoon,Urban,32.007931034482795
Monsoon,Urban,32.26200000000002
Monsoon,Urban,33.13076923076927
Monsoon,Urban,32.59800000000004
Monsoon,Urban,29.721219512195155
Monsoon,Urban,30.61000000000002
Monsoon,Urban,31.17512820512824
Monsoon,Urban,32.03000000000003
Monsoon,Urban,32.78928571428573
Monsoon,Urban,33.12461538461541
Monsoon,Urban,31.955517241379347
Monsoon,Urban,32.152962962962995
Monsoon,Urban,32.30857142857146
Monsoon,Urban,31.536250000000038
Monsoon,Urban,29.788947368421077
Monsoon,Urban,30.18384615384619
Monsoon,Urban,30.47800000000003
Monsoon,Urban,31.752857142857167
Monsoon,Urban,32.18241379310347
Monsoon,Urban,33.09620689655175
Monsoon,Urban,33.473333333333365
Monsoon,Urban,32.06285714285718
Monsoon,Urban,31.80185185185189
Monsoon,Urban,32.028461538461585
Monsoon,Urban,29.860526315789503
Monsoon,Urban,31.008421052631608
Monsoon,Urban,33.329393939393974
Monsoon,Urban,34.247777777777806
Monsoon,Urban,34.73583333333336
Monsoon,Urban,34.749166666666696
Monsoon,Urban,33.995185185185214
Monsoon,Urban,33.29000000000003
Monsoon,Urban,32.237407407407424
Monsoon,Urban,31.015000000000043
Monsoon,Urban,29.927575757575777
Monsoon,Urban,30.393157894736866
Monsoon,Urban,31.25789473684213
Monsoon,Urban,32.40828571428574
Monsoon,Urban,33.63133333333336
Monsoon,Urban,35.1326086956522
Monsoon,Urban,35.149166666666694
Monsoon,Urban,34.658888888888924
Monsoon,Urban,33.74760000000003
Monsoon,Urban,32.77923076923081
Monsoon,Urban,31.04870967741939
Monsoon,Urban,29.60025641025643
Monsoon,Urban,30.20350000000003
Monsoon,Urban,30.727435897435942
Monsoon,Urban,31.898125000000036
Monsoon,Urban,32.79666666666669
Monsoon,Urban,33.42920000000003
Monsoon,Urban,33.376153846153876
Monsoon,Urban,33.53928571428575
Monsoon,Urban,33.10925925925929
Monsoon,Urban,32.48083333333336
Monsoon,Urban,32.12615384615388
Monsoon,Urban,29.606756756756788
Monsoon,Urban,30.22300000000003
Monsoon,Urban,30.951176470588265
Monsoon,Urban,31.740344827586238
Monsoon,Urban,31.84333333333336
Monsoon,Urban,31.95444444444447
Monsoon,Urban,31.80680000000002
Monsoon,Urban,31.609259259259286
Monsoon,Urban,30.608000000000022
Monsoon,Urban,31.272068965517267
Monsoon,Urban,29.95121212121215
Monsoon,Urban,29.7104651162791
Monsoon,Urban,30.33146341463417
Monsoon,Urban,30.79432432432435
Monsoon,Urban,31.923103448275885
Monsoon,Urban,32.12120000000002
Monsoon,Urban,31.494444444444465
Monsoon,Urban,30.14800000000002
Monsoon,Urban,30.144482758620715
Monsoon,Urban,31.248666666666686
Monsoon,Urban,29.500434782608735
Monsoon,Urban,30.226444444444486
Monsoon,Urban,30.924871794871823
Monsoon,Urban,31.05457142857144
Monsoon,Urban,32.19551724137934
Monsoon,Urban,31.418965517241414
Monsoon,Urban,30.291333333333363
Monsoon,Urban,31.407333333333362
Monsoon,Urban,29.127368421052658
Monsoon,Urban,29.386086956521762
Monsoon,Urban,30.1444186046512
Monsoon,Urban,31.22135135135137
Monsoon,Urban,31.51611111111114
Monsoon,Urban,31.65967741935488
Monsoon,Urban,30.128750000000018
Monsoon,Urban,30.36050000000004
Monsoon,Urban,31.324285714285736
Monsoon,Urban,31.33312500000003
Monsoon,Urban,31.113571428571458
Monsoon,Urban,30.862258064516165
Monsoon,Urban,32.20103448275865
Monsoon,Urban,30.374827586206923
Monsoon,Urban,30.89108108108111
Monsoon,Urban,31.17833333333336
Monsoon,Urban,31.303939393939412
Monsoon,Urban,29.080967741935513
Monsoon,Urban,32.0226666666667
Monsoon,Urban,32.313333333333354
Monsoon,Urban,30.808857142857168
Monsoon,Urban,31.042121212121234
Monsoon,Urban,30.96466666666669
Monsoon,Urban,30.17428571428574
Monsoon,Urban,31.676000000000027
Monsoon,Urban,31.527142857142888
Monsoon,Urban,31.18571428571431
Monsoon,Urban,28.908723404255344
Monsoon,Urban,29.77588235294121
Monsoon,Urban,30.86687500000003
Monsoon,Urban,31.255161290322608
Monsoon,Urban,30.925172413793124
Monsoon,Urban,30.465714285714302
Monsoon,Urban,31.89083333333336
Monsoon,Urban,30.902800000000024
Monsoon,Urban,30.557692307692335
Monsoon,Urban,30.930000000000028
Monsoon,Urban,31.647037037037062
Monsoon,Urban,31.592222222222247
Monsoon,Urban,31.820769230769255
Monsoon,Urban,32.25347826086959
Monsoon,Urban,32.97000000000002
Monsoon,Urban,31.37307692307694
Monsoon,Urban,31.8714285714286
Monsoon,Urban,31.903333333333354
Monsoon,Urban,32.949047619047654
Monsoon,Urban,30.010869565217423
Monsoon,Urban,30.671578947368445
Monsoon,Urban,32.19206896551727
Monsoon,Urban,32.158888888888924
Monsoon,Urban,32.22400000000003
Monsoon,Urban,32.557619047619085
Monsoon,Urban,32.495714285714314
Monsoon,Urban,31.486666666666693
Monsoon,Urban,30.413888888888916
Monsoon,Urban,31.77857142857145
Monsoon,Urban,31.71695652173915
Monsoon,Urban,32.17200000000004
Monsoon,Urban,32.049000000000035
Monsoon,Urban,31.648095238095266
Monsoon,Urban,31.033809523809552
Monsoon,Urban,28.830000000000037
Monsoon,Urban,30.047058823529454
Monsoon,Urban,30.999655172413817
Monsoon,Urban,31.029090909090943
Monsoon,Urban,32.24578947368424
Monsoon,Urban,31.926666666666694
Monsoon,Urban,28.461428571428602
Monsoon,Urban,29.813750000000027
Monsoon,Urban,31.365833333333367
Monsoon,Urban,31.67636363636367
Monsoon,Urban,31.520476190476217
Monsoon,Urban,32.28684210526318
Monsoon,Urban,29.649200000000018
Monsoon,Urban,30.455185185185208
Monsoon,Urban,31.190000000000033
Monsoon,Urban,32.12000000000003
Monsoon,Rural,28.670000000000034
Monsoon,Rural,28.317692307692333
Monsoon,Rural,28.362727272727298
Monsoon,Rural,28.60347826086959
Monsoon,Rural,28.72069767441863
Monsoon,Rural,28.317142857142883
Monsoon,Rural,28.59800000000003
Monsoon,Rural,28.660000000000036
Monsoon,Rural,28.75500000000003
Monsoon,Rural,29.448918918918945
Monsoon,Rural,28.481875000000038
Monsoon,Rural,28.60302325581398
Monsoon,Rural,29.01418604651167
Monsoon,Rural,29.017619047619075
Monsoon,Rural,29.320000000000025
Monsoon,Rural,29.313870967741966
Monsoon,Rural,28.228461538461566
Monsoon,Rural,28.526153846153875
Monsoon,Rural,28.886363636363658
Monsoon,Rural,28.909090909090924
Monsoon,Rural,28.858717948717988
Monsoon,Rural,28.653636363636394
Monsoon,Rural,28.536206896551754
Monsoon,Rural,28.451739130434806
Monsoon,Rural,28.24241379310347
Monsoon,Rural,28.620967741935512
Monsoon,Rural,28.93133333333335
Monsoon,Rural,29.0917777777778
Monsoon,Rural,28.740000000000027
Monsoon,Rural,28.901764705882396
Monsoon,Rural,29.077333333333367
Monsoon,Rural,28.606551724137958
Monsoon,Rural,28.643142857142887
Monsoon,Rural,28.632424242424275
Monsoon,Rural,28.511578947368452
Monsoon,Rural,28.648333333333365
Monsoon,Rural,28.902340425531946
Monsoon,Rural,29.08000000000003
Monsoon,Rural,28.549473684210557
Monsoon,Rural,29.191666666666695
Monsoon,Rural,29.316666666666695
Monsoon,Rural,29.086969696969735
Monsoon,Rural,29.51787878787882
Monsoon,Rural,28.618333333333368
Monsoon,Rural,28.59920000000004
Monsoon,Rural,28.12560000000003
Monsoon,Rural,28.265217391304372
Monsoon,Rural,28.355116279069797
Monsoon,Rural,28.35571428571431
Monsoon,Rural,28.53512820512824
Monsoon,Rural,28.952162162162182
Monsoon,Rural,29.5716666666667
Monsoon,Rural,27.649600000000024
Monsoon,Rural,27.919600000000038
Monsoon,Rural,27.6354166666667
Monsoon,Rural,27.88208333333336
Monsoon,Rural,27.857500000000034
Monsoon,Rural,28.701794871794917
Monsoon,Rural,29.39000000000003
Monsoon,Rural,28.567142857142887
Monsoon,Rural,28.861764705882386
Monsoon,Rural,29.17611111111114
Monsoon,Rural,28.893243243243273
Monsoon,Rural,29.179729729729758
Monsoon,Rural,27.910000000000018
Monsoon,Rural,28.673255813953507
Monsoon,Rural,30.053589743589757
Monsoon,Rural,28.21909090909095
Monsoon,Rural,28.03000000000003
Monsoon,Rural,28.696829268292714
Monsoon,Rural,29.483157894736877
Monsoon,Rural,30.165000000000028
Monsoon,Rural,28.669512195121985
Monsoon,Rural,28.8026829268293
Monsoon,Rural,29.337906976744218
Monsoon,Rural,29.368333333333364
Monsoon,Rural,30.07294117647062
Monsoon,Rural,29.677777777777813
Monsoon,Rural,30.046571428571458
Monsoon,Rural,29.94882352941179
Monsoon,Rural,29.74395348837212
Monsoon,Rural,29.951904761904796
Monsoon,Rural,30.094390243902463
Monsoon,Rural,30.06024390243905
Monsoon,Rural,29.999500000000033
Monsoon,Rural,30.185789473684235
Monsoon,Rural,28.995555555555583
Monsoon,Rural,29.73848484848488
Monsoon,Rural,30.448125000000026
Monsoon,Rural,30.002941176470618
Monsoon,Rural,30.24625000000003
Monsoon,Rural,30.556666666666704
Monsoon,Rural,30.81645161290325
Monsoon,Rural,28.95731707317076
Monsoon,Rural,29.225744680851083
Monsoon,Rural,30.345714285714323
Monsoon,Rural,30.556842105263183
Monsoon,Rural,30.40190476190479
Monsoon,Rural,31.267714285714323
Monsoon,Rural,28.842105263157936
Monsoon,Rural,29.64647058823532
Monsoon,Rural,29.920625000000026
Monsoon,Rural,30.880000000000035
Monsoon,Rural,30.316000000000024
Monsoon,Rural,28.761250000000018
Monsoon,Rural,29.020638297872367
Monsoon,Rural,30.07888888888892
Monsoon,Rural,30.245609756097586
Monsoon,Rural,30.66444444444447
Monsoon,Rural,30.874117647058853
Monsoon,Rural,29.982777777777798
Monsoon,Rural,28.50944444444448
Monsoon,Rural,28.553030303030322
Monsoon,Rural,29.74750000000003
Monsoon,Rural,29.961515151515183
Monsoon,Rural,30.456666666666703
Monsoon,Rural,30.71800000000002
Monsoon,Rural,30.194516129032287
Monsoon,Rural,29.91733333333336
Monsoon,Rural,28.154090909090936
Monsoon,Rural,28.060869565217423
Monsoon,Rural,30.00550000000004
Monsoon,Rural,29.77684210526319
Monsoon,Rural,30.4802702702703
Monsoon,Rural,31.17424242424245
Monsoon,Rural,30.55187500000003
Monsoon,Rural,30.146875000000033
Monsoon,Rural,29.91424242424245
Monsoon,Rural,30.00151515151517
Monsoon,Rural,30.13750000000003
Monsoon,Rural,29.994516129032284
Monsoon,Rural,29.345483870967765
Monsoon,Rural,27.876666666666683
Monsoon,Rural,27.94000000000003
Monsoon,Rural,29.501578947368454
Monsoon,Rural,29.743333333333357
Monsoon,Rural,30.052285714285745
Monsoon,Rural,31.260285714285743
Monsoon,Rural,32.80846153846157
Monsoon,Rural,30.860303030303065
Monsoon,Rural,30.256666666666696
Monsoon,Rural,30.07457142857146
Monsoon,Rural,29.711142857142878
Monsoon,Rural,29.25352941176473
Monsoon,Rural,29.055454545454577
Monsoon,Rural,28.621875000000024
Monsoon,Rural,30.66111111111113
Monsoon,Rural,31.92437500000002
Monsoon,Rural,32.870689655172434
Monsoon,Rural,32.17137931034486
Monsoon,Rural,31.693030303030326
Monsoon,Rural,30.22058823529416
Monsoon,Rural,30.05176470588238
Monsoon,Rural,30.34212121212124
Monsoon,Rural,29.44272727272731
Monsoon,Rural,28.660588235294153
Monsoon,Rural,28.587575757575788
Monsoon,Rural,27.894375000000032
Monsoon,Rural,28.036666666666694
Monsoon,Rural,31.223846153846175
Monsoon,Rural,30.568823529411794
Monsoon,Rural,30.72030303030306
Monsoon,Rural,31.01909090909094
Monsoon,Rural,30.800303030303066
Monsoon,Rural,30.511212121212147
Monsoon,Rural,31.171250000000022
Monsoon,Rural,31.228461538461563
Monsoon,Rural,29.54375000000004
Monsoon,Rural,28.98483870967746
Monsoon,Rural,28.881851851851884
Monsoon,Rural,28.269333333333368
Monsoon,Rural,28.27962962962966
Monsoon,Rural,29.2241666666667
Monsoon,Rural,30.668571428571454
Monsoon,Rural,29.861612903225843
Monsoon,Rural,31.17074074074076
Monsoon,Rural,32.52478260869568
Monsoon,Rural,32.52583333333336
Monsoon,Rural,30.700000000000028
Monsoon,Rural,30.023076923076946
Monsoon,Rural,30.021304347826113
Monsoon,Rural,29.47538461538465
Monsoon,Rural,29.435600000000033
Monsoon,Rural,29.15956521739133
Monsoon,Rural,29.59521739130438
Monsoon,Rural,31.412222222222244
Monsoon,Rural,30.139230769230807
Monsoon,Rural,29.141333333333357
Monsoon,Rural,30.0646666666667
Monsoon,Rural,32.29800000000002
Monsoon,Rural,32.87900000000003
Monsoon,Rural,31.43285714285717
Monsoon,Rural,30.494800000000033
Monsoon,Rural,30.373636363636397
Monsoon,Rural,30.58454545454549
Monsoon,Rural,29.52520000000003
Monsoon,Rural,29.27833333333336
Monsoon,Rural,30.39800000000003
Monsoon,Rural,31.632105263157918
Monsoon,Rural,30.06680000000003
Monsoon,Rural,31.39818181818185
Monsoon,Rural,31.824000000000034
Monsoon,Rural,32.17900000000003
Monsoon,Rural,32.284000000000034
Monsoon,Rural,31.754000000000037
Monsoon,Rural,31.14904761904765
Monsoon,Rural,30.66545454545457
Monsoon,Rural,29.904166666666697
Monsoon,Rural,29.410800000000037
Monsoon,Rural,29.41818181818185
Monsoon,Rural,30.551000000000023
Monsoon,Rural,27.93411764705885
Monsoon,Rural,29.672962962962988
Monsoon,Rural,30.758333333333365
Monsoon,Rural,33.22400000000003
Monsoon,Rural,33.697000000000024
Monsoon,Rural,33.46400000000003
Monsoon,Rural,32.76428571428575
Monsoon,Rural,31.226521739130455
Monsoon,Rural,29.786521739130475
Monsoon,Rural,29.996086956521772
Monsoon,Rural,32.10125000000003
Monsoon,Rural,32.212000000000025
Monsoon,Rural,32.360000000000035
Monsoon,Rural,28.496428571428595
Monsoon,Rural,30.974166666666694
Monsoon,Rural,33.1461904761905
Monsoon,Rural,33.61500000000003
Monsoon,Rural,33.43761904761907
Monsoon,Rural,32.580909090909124
Monsoon,Rural,31.956363636363665
Monsoon,Rural,32.04523809523812
Monsoon,Rural,33.1288235294118
Monsoon,Rural,32.79631578947372
Monsoon,Rural,30.33560000000003
Monsoon,Rural,29.750740740740774
Monsoon,Rural,31.955000000000023
Monsoon,Rural,33.068260869565265
Monsoon,Rural,32.4891666666667
Monsoon,Rural,32.697272727272754
Monsoon,Rural,33.080526315789506
Monsoon,Rural,28.16600000000002
Monsoon,Rural,28.940666666666697
Monsoon,Rural,31.95000000000004
Monsoon,Rural,33.24280000000003
Monsoon,Rural,34.24000000000002
Monsoon,Rural,33.53333333333336
Monsoon,Rural,33.32600000000003
Monsoon,Rural,32.81000000000003
Monsoon,Rural,28.63375000000002
Monsoon,Rural,29.857500000000023
Monsoon,Rural,33.1166666666667
Monsoon,Rural,34.24652173913046
Monsoon,Rural,33.5315384615385
Monsoon,Rural,33.06478260869568
Monsoon,Rural,32.35090909090911
Monsoon,Rural,33.00666666666669
Monsoon,Rural,30.630000000000027
Monsoon,Rural,32.37952380952383
Monsoon,Rural,31.912105263157923
Monsoon,Rural,31.953157894736872
Monsoon,Rural,30.314166666666704
Monsoon,Rural,32.79521739130438
Monsoon,Rural,32.2839130434783
Monsoon,Rural,31.705238095238116
Monsoon,Rural,31.692105263157924
Monsoon,Rural,30.350000000000026
Monsoon,Rural,32.5541666666667
Monsoon,Rural,32.444545454545484
Monsoon,Rural,31.98809523809527
Monsoon,Rural,31.17900000000003
Monsoon,Rural,30.81533333333335
Monsoon,Rural,29.82812500000002
Monsoon,Rural,29.869310344827614
Monsoon,Rural,33.267391304347846
Monsoon,Rural,32.23434782608698
Monsoon,Rural,31.774761904761938
Monsoon,Rural,30.970000000000038
Monsoon,Rural,29.85400000000004
Monsoon,Rural,29.197500000000034
Monsoon,Rural,29.982903225806474
Monsoon,Rural,33.05000000000003
Monsoon,Rural,32.378181818181844
Monsoon,Rural,31.449047619047654
Monsoon,Rural,30.80760000000003
Monsoon,Rural,31.56071428571433
Monsoon,Rural,29.594285714285746
Monsoon,Rural,29.71000000000004
Monsoon,Rural,30.286428571428598
Monsoon,Rural,33.2941666666667
Monsoon,Rural,34.11086956521743
Monsoon,Rural,33.72142857142861
Monsoon,Rural,32.86500000000003
Monsoon,Rural,31.874761904761932
Monsoon,Rural,31.231481481481516
Monsoon,Rural,30.18259259259262
Monsoon,Rural,30.765833333333372
Monsoon,Rural,30.900000000000034
Monsoon,Rural,31.59296296296299
Monsoon,Rural,31.432222222222254
Monsoon,Rural,31.244814814814845
Monsoon,Rural,32.58391304347828
Monsoon,Rural,34.99000000000002
Monsoon,Rural,33.5166666666667
Monsoon,Rural,32.363000000000014
Monsoon,Rural,31.2464285714286
Monsoon,Rural,30.271481481481512
Monsoon,Rural,30.545200000000026
Monsoon,Rural,31.13846153846157
Monsoon,Rural,34.863333333333365
Monsoon,Rural,35.35222222222225
Monsoon,Rural,34.38125000000004
Monsoon,Rural,31.310000000000034
Monsoon,Rural,29.887391304347855
Monsoon,Rural,30.437272727272752
Monsoon,Rural,31.637826086956554
Monsoon,Rural,33.70600000000004
Monsoon,Rural,34.046000000000035
Monsoon,Rural,34.54578947368424
Monsoon,Rural,35.494705882352974
Monsoon,Rural,32.25750000000002
Monsoon,Rural,29.870000000000037
Monsoon,Rural,29.555000000000025
Monsoon,Rural,30.056363636363663
Monsoon,Rural,32.04800000000002
Monsoon,Rural,33.642727272727306
Monsoon,Rural,33.57636363636367
Monsoon,Rural,33.840000000000025
Monsoon,Rural,36.40222222222226
Monsoon,Rural,35.96625000000003
Monsoon,Rural,31.456363636363665
Monsoon,Rural,29.88565217391308
Monsoon,Rural,30.32818181818185
Monsoon,Rural,31.99888888888892
Monsoon,Rural,33.641304347826114
Monsoon,Rural,32.849130434782644
Monsoon,Rural,32.7191666666667
Monsoon,Rural,32.95782608695656
Monsoon,Rural,34.070000000000036
Monsoon,Rural,34.736315789473714
Monsoon,Rural,35.06900000000004
Monsoon,Rural,34.79631578947372
Monsoon,Rural,34.522941176470624
Monsoon,Rural,32.07571428571431
Monsoon,Rural,30.950952380952426
Monsoon,Rural,31.622222222222263
Monsoon,Rural,33.921111111111124
Monsoon,Rural,35.87125000000003
Monsoon,Rural,34.73105263157898
Monsoon,Rural,33.86500000000003
Monsoon,Rural,33.4541666666667
Monsoon,Rural,33.856666666666705
Monsoon,Rural,33.97363636363639
Monsoon,Rural,34.363333333333365
Monsoon,Rural,33.903333333333364
Monsoon,Rural,33.752105263157915
Monsoon,Rural,32.750000000000036
Monsoon,Rural,32.002222222222244
Monsoon,Rural,31.280526315789505
Monsoon,Rural,33.432500000000026
Monsoon,Rural,34.36500000000004
Monsoon,Rural,33.56545454545457
Monsoon,Rural,33.29952380952385
Monsoon,Rural,33.77952380952384
Monsoon,Rural,34.30400000000003
Monsoon,Rural,34.28428571428575
Monsoon,Rural,33.9221739130435
Monsoon,Rural,33.2136363636364
Monsoon,Rural,32.34900000000003
Monsoon,Rural,31.712000000000035
Monsoon,Rural,32.99727272727275
Monsoon,Rural,32.03857142857145
Monsoon,Rural,31.576000000000022
Monsoon,Rural,31.001111111111136
Monsoon,Rural,34.86176470588237
Monsoon,Rural,33.85700000000004
Monsoon,Rural,32.94565217391307
Monsoon,Rural,33.0318181818182
Monsoon,Rural,33.52000000000003
Monsoon,Rural,34.367272727272756
Monsoon,Rural,33.8527272727273
Monsoon,Rural,33.895454545454584
Monsoon,Rural,33.70142857142859
Monsoon,Rural,32.849090909090926
Monsoon,Rural,32.508095238095265
Monsoon,Rural,31.662173913043503
Monsoon,Rural,30.608333333333363
Monsoon,Rural,30.171052631578977
Monsoon,Rural,31.062222222222253
Monsoon,Rural,34.29555555555559
Monsoon,Rural,33.9066666666667
Monsoon,Rural,33.568947368421085
Monsoon,Rural,33.78272727272731
Monsoon,Rural,33.84090909090912
Monsoon,Rural,34.07454545454549
Monsoon,Rural,34.47571428571432
Monsoon,Rural,34.10727272727275
Monsoon,Rural,33.479565217391325
Monsoon,Rural,32.958695652173944
Monsoon,Rural,33.12400000000004
Monsoon,Rural,32.618181818181846
Monsoon,Rural,30.341000000000026
Monsoon,Rural,31.024117647058855
Monsoon,Rural,32.468095238095266
Monsoon,Rural,34.05421052631582
Monsoon,Rural,33.968947368421084
Monsoon,Rural,33.8477777777778
Monsoon,Rural,33.68047619047622
Monsoon,Rural,33.23818181818185
Monsoon,Rural,33.845454545454565
Monsoon,Rural,33.529130434782644
Monsoon,Rural,33.0509523809524
Monsoon,Rural,33.27083333333336
Monsoon,Rural,33.614166666666705
Monsoon,Rural,33.090000000000025
Monsoon,Rural,33.05608695652177
Monsoon,Rural,30.47900000000003
Monsoon,Rural,32.401000000000025
Monsoon,Rural,32.73285714285718
Monsoon,Rural,32.78600000000004
Monsoon,Rural,33.77400000000002
Monsoon,Rural,33.74300000000003
Monsoon,Rural,33.11666666666669
Monsoon,Rural,32.929130434782635
Monsoon,Rural,33.612727272727305
Monsoon,Rural,33.343636363636385
Monsoon,Rural,32.97500000000002
Monsoon,Rural,33.33083333333336
Monsoon,Rural,32.91800000000003
Monsoon,Rural,33.01833333333336
Monsoon,Rural,32.5836363636364
Monsoon,Rural,32.48428571428574
Monsoon,Rural,32.25285714285716
Monsoon,Rural,32.61666666666669
Monsoon,Rural,33.67210526315793
Monsoon,Rural,33.22000000000003
Monsoon,Rural,33.1030434782609
Monsoon,Rural,33.2018181818182
Monsoon,Rural,32.98750000000003
Monsoon,Rural,32.32120000000003
Monsoon,Rural,32.67080000000003
Monsoon,Rural,33.305238095238124
Monsoon,Rural,32.43880000000003
Monsoon,Rural,32.11521739130437
Monsoon,Rural,32.95421052631582
Monsoon,Rural,31.79000000000003
Monsoon,Rural,31.810000000000024
Monsoon,Rural,32.485000000000035
Monsoon,Rural,32.8766666666667
Monsoon,Rural,33.17952380952384
Monsoon,Rural,33.19909090909093
Monsoon,Rural,33.1727272727273
Monsoon,Rural,33.35181818181821
Monsoon,Rural,32.33720000000004
Monsoon,Rural,32.439166666666694
Monsoon,Rural,32.55960000000004
Monsoon,Rural,32.605652173913064
Monsoon,Rural,31.838000000000033
Monsoon,Rural,30.977368421052663
Monsoon,Rural,32.04523809523812
Monsoon,Rural,32.2119047619048
Monsoon,Rural,32.330000000000034
Monsoon,Rural,32.29636363636366
Monsoon,Rural,33.18400000000003
Monsoon,Rural,33.49200000000003
Monsoon,Rural,34.0255555555556
Monsoon,Rural,33.87800000000003
Monsoon,Rural,32.76909090909092
Monsoon,Rural,32.59560000000003
Monsoon,Rural,32.09400000000004
Monsoon,Rural,31.987037037037066
Monsoon,Rural,31.870000000000033
Monsoon,Rural,32.00565217391307
Monsoon,Rural,30.176000000000034
Monsoon,Rural,32.063076923076956
Monsoon,Rural,32.28916666666669
Monsoon,Rural,32.65480000000003
Monsoon,Rural,34.14684210526318
Monsoon,Rural,34.66263157894739
Monsoon,Rural,33.65210526315792
Monsoon,Rural,33.17800000000003
Monsoon,Rural,33.00047619047621
Monsoon,Rural,33.14500000000003
Monsoon,Rural,32.76636363636367
Monsoon,Rural,32.69761904761907
Monsoon,Rural,32.849047619047646
Monsoon,Rural,32.78181818181821
Monsoon,Rural,29.643333333333366
Monsoon,Rural,30.350714285714325
Monsoon,Rural,30.79518518518523
Monsoon,Rural,31.933846153846186
Monsoon,Rural,33.087391304347854
Monsoon,Rural,34.79823529411767
Monsoon,Rural,33.32818181818184
Monsoon,Rural,33.067391304347844
Monsoon,Rural,32.95090909090912
Monsoon,Rural,32.92043478260873
Monsoon,Rural,33.05380952380955
Monsoon,Rural,32.86913043478264
Monsoon,Rural,29.22000000000003
Monsoon,Rural,29.82071428571432
Monsoon,Rural,33.920476190476236
Monsoon,Rural,34.16157894736844
Monsoon,Rural,33.60181818181821
Monsoon,Rural,33.80047619047622
Monsoon,Rural,34.161578947368454
Monsoon,Rural,35.25190476190478
Monsoon,Rural,30.296206896551745
Monsoon,Rural,31.196666666666694
Monsoon,Rural,31.01933333333336
Monsoon,Rural,30.741851851851884
Monsoon,Rural,35.594444444444484
Monsoon,Rural,35.17333333333337
Monsoon,Rural,34.88684210526319
Monsoon,Rural,35.08400000000004
Monsoon,Rural,30.048260869565247
Monsoon,Rural,30.85888888888891
Monsoon,Rural,30.846129032258094
Monsoon,Rural,31.80500000000003
Monsoon,Rural,31.148750000000035
Monsoon,Rural,31.014000000000024
Monsoon,Rural,32.09800000000003
Monsoon,Rural,32.03000000000002
Monsoon,Rural,31.66083333333336
Monsoon,Rural,31.343913043478285
Monsoon,Rural,31.756956521739163
Monsoon,Rural,32.07083333333336
Monsoon,Rural,32.347692307692334
Monsoon,Rural,31.883333333333365
Monsoon,Rural,31.857741935483908
Monsoon,Rural,31.32400000000003
Monsoon,Rural,31.032142857142883
Monsoon,Rural,32.71181818181822
Monsoon,Rural,32.40565217391308
Monsoon,Rural,31.132857142857176
Monsoon,Rural,31.514347826086983
Monsoon,Rural,32.53800000000003
Monsoon,Rural,33.26680000000002
Monsoon,Rural,34.757826086956555
Monsoon,Rural,33.24034482758624
Monsoon,Rural,32.3188888888889
Monsoon,Rural,31.30851851851855
Monsoon,Rural,30.695000000000025
Monsoon,Rural,31.015833333333358
Monsoon,Rural,31.592500000000026
Monsoon,Rural,30.86200000000003
Monsoon,Rural,31.343571428571465
Monsoon,Rural,30.983846153846187
Monsoon,Rural,32.72241379310349
Monsoon,Rural,32.577407407407435
Monsoon,Rural,31.35857142857145
Monsoon,Rural,30.396153846153876
Monsoon,Rural,30.64916666666669
Monsoon,Rural,31.19640000000003
Monsoon,Rural,30.368235294117667
Monsoon,Rural,34.276666666666706
Monsoon,Rural,31.96153846153849
Monsoon,Rural,31.263846153846178
Monsoon,Rural,31.71076923076926
Monsoon,Rural,33.047391304347855
Monsoon,Rural,31.490000000000023
Monsoon,Rural,29.452857142857177
Monsoon,Rural,29.86428571428574
Monsoon,Rural,30.516060606060634
Monsoon,Rural,31.997096774193565
Monsoon,Rural,34.15160000000002
Monsoon,Rural,32.690740740740765
Monsoon,Rural,32.306153846153876
Monsoon,Rural,31.53538461538464
Monsoon,Rural,31.910000000000036
Monsoon,Rural,32.1066666666667
Monsoon,Rural,32.0692307692308
Monsoon,Rural,31.83560000000003
Monsoon,Rural,32.515925925925956
Monsoon,Rural,32.852222222222245
Monsoon,Rural,32.74851851851855
Monsoon,Rural,31.378275862068993
Monsoon,Rural,30.847931034482794
Monsoon,Rural,29.568620689655205
Monsoon,Rural,30.046129032258097
Monsoon,Rural,29.99588235294121
Monsoon,Rural,30.678750000000043
Monsoon,Rural,32.90920000000003
Monsoon,Rural,31.16259259259262
Monsoon,Rural,31.904285714285745
Monsoon,Rural,32.17222222222225
Monsoon,Rural,31.921111111111145
Monsoon,Rural,31.23320000000003
Monsoon,Rural,31.83400000000003
Monsoon,Rural,32.56185185185188
Monsoon,Rural,30.61133333333336
Monsoon,Rural,30.687931034482784
Monsoon,Rural,28.302222222222255
Monsoon,Rural,29.098108108108136
Monsoon,Rural,29.866470588235323
Monsoon,Rural,30.820625000000028
Monsoon,Rural,32.050000000000026
Monsoon,Rural,32.20076923076926
Monsoon,Rural,33.243043478260894
Monsoon,Rural,31.772500000000026
Monsoon,Rural,25.790588235294134
Monsoon,Rural,28.277777777777803
Monsoon,Rural,29.050000000000026
Monsoon,Rural,29.96828571428575
Monsoon,Rural,30.658235294117684
Monsoon,Rural,32.96615384615388
Monsoon,Rural,33.23583333333335
Monsoon,Rural,33.304166666666696
Monsoon,Rural,32.20185185185188
Monsoon,Rural,31.348000000000038
Monsoon,Rural,25.571176470588263
Monsoon,Rural,27.033125000000037
Monsoon,Rural,27.15363636363639
Monsoon,Rural,27.98951219512199
Monsoon,Rural,28.944000000000027
Monsoon,Rural,29.540000000000042
Monsoon,Rural,30.240588235294155
Monsoon,Rural,31.090689655172454
Monsoon,Rural,31.533571428571452
Monsoon,Rural,32.520434782608724
Monsoon,Rural,31.81909090909094
Monsoon,Rural,31.51846153846156
Monsoon,Rural,31.985862068965545
Monsoon,Rural,32.07071428571431
Monsoon,Rural,26.425294117647088
Monsoon,Rural,25.907714285714313
Monsoon,Rural,27.142903225806474
Monsoon,Rural,28.0345161290323
Monsoon,Rural,29.09125000000003
Monsoon,Rural,29.92437500000002
Monsoon,Rural,29.335625000000036
Monsoon,Rural,29.030000000000037
Monsoon,Rural,28.841891891891912
Monsoon,Rural,29.26151515151518
Monsoon,Rural,29.805483870967773
Monsoon,Rural,31.42214285714289
Monsoon,Rural,32.36769230769234
Monsoon,Rural,33.46727272727276
Monsoon,Rural,33.38619047619051
Monsoon,Rural,32.14739130434786
Monsoon,Rural,31.633333333333354
Monsoon,Rural,27.72939393939397
Monsoon,Rural,27.11500000000003
Monsoon,Rural,27.826774193548427
Monsoon,Rural,27.63129032258068
Monsoon,Rural,28.40937500000003
Monsoon,Rural,28.662500000000037
Monsoon,Rural,29.653030303030334
Monsoon,Rural,29.88500000000003
Monsoon,Rural,30.546875000000036
Monsoon,Rural,30.249354838709706
Monsoon,Rural,30.691250000000032
Monsoon,Rural,30.15562500000003
Monsoon,Rural,30.525555555555577
Monsoon,Rural,31.650833333333352
Monsoon,Rural,31.622800000000026
Monsoon,Rural,32.63720000000002
Monsoon,Rural,33.13000000000004
Monsoon,Rural,34.058000000000035
Monsoon,Rural,33.4091666666667
Monsoon,Rural,32.803600000000024
Monsoon,Rural,32.54250000000003
Monsoon,Rural,32.47833333333336
Monsoon,Rural,32.48333333333337
Monsoon,Rural,27.6683783783784
Monsoon,Rural,27.106216216216247
Monsoon,Rural,28.114375000000024
Monsoon,Rural,28.744285714285745
Monsoon,Rural,29.749285714285747
Monsoon,Rural,29.75222222222226
Monsoon,Rural,30.145000000000028
Monsoon,Rural,30.73260869565221
Monsoon,Rural,30.76000000000002
Monsoon,Rural,30.8203703703704
Monsoon,Rural,30.68103448275865
Monsoon,Rural,30.455714285714315
Monsoon,Rural,31.13240000000004
Monsoon,Rural,32.40809523809527
Monsoon,Rural,31.873333333333353
Monsoon,Rural,31.65000000000003
Monsoon,Rural,31.710000000000026
Monsoon,Rural,31.62360000000004
Monsoon,Rural,31.402592592592626
Monsoon,Rural,31.41222222222225
Monsoon,Rural,31.40629629629632
Monsoon,Rural,31.267857142857167
Monsoon,Rural,31.4816666666667
Monsoon,Rural,31.096666666666685
Monsoon,Rural,30.36947368421055
Monsoon,Rural,30.069354838709703
Monsoon,Rural,29.084705882352974
Monsoon,Rural,28.657222222222256
Monsoon,Rural,28.46515151515154
Monsoon,Rural,29.738148148148166
Monsoon,Rural,31.86545454545458
Monsoon,Rural,31.31666666666669
Monsoon,Rural,30.98333333333336
Monsoon,Rural,30.573809523809555
Monsoon,Rural,30.91080000000003
Monsoon,Rural,31.19695652173916
Monsoon,Rural,31.087500000000023
Monsoon,Rural,31.12500000000003
Monsoon,Rural,31.35444444444447
Monsoon,Rural,31.583076923076945
Monsoon,Rural,31.407500000000027
Monsoon,Rural,31.069200000000034
Monsoon,Rural,30.93833333333335
Monsoon,Rural,30.988400000000027
Monsoon,Rural,30.916666666666682
Monsoon,Rural,31.081538461538493
Monsoon,Rural,30.95000000000002
Monsoon,Rural,31.240400000000026
Monsoon,Rural,30.382000000000023
Monsoon,Rural,30.54743589743593
Monsoon,Rural,30.532857142857168
Monsoon,Rural,29.54590909090912
Monsoon,Rural,29.0314285714286
Monsoon,Rural,29.632222222222254
Monsoon,Rural,29.84250000000002
Monsoon,Rural,30.350000000000016
Monsoon,Rural,30.129375000000024
Monsoon,Rural,30.2366666666667
Monsoon,Rural,30.172142857142887
Monsoon,Rural,30.196923076923113
Monsoon,Rural,31.025000000000034
Monsoon,Rural,32.65571428571431
Monsoon,Rural,32.77000000000003
Monsoon,Rural,31.08454545454549
Monsoon,Rural,30.000909090909122
Monsoon,Rural,30.902631578947386
Monsoon,Rural,31.021000000000033
Monsoon,Rural,31.30400000000003
Monsoon,Rural,30.78652173913047
Monsoon,Rural,30.70583333333337
Monsoon,Rural,31.120769230769255
Monsoon,Rural,31.91615384615388
Monsoon,Rural,31.660400000000017
Monsoon,Rural,30.857200000000024
Monsoon,Rural,30.452400000000026
Monsoon,Rural,29.823571428571462
Monsoon,Rural,30.57740740740744
Monsoon,Rural,30.905384615384648
Monsoon,Rural,31.083600000000033
Monsoon,Rural,29.971578947368453
Monsoon,Rural,30.07333333333336
Monsoon,Rural,30.16069767441864
Monsoon,Rural,29.51883720930235
Monsoon,Rural,30.542258064516158
Monsoon,Rural,30.62310344827589
Monsoon,Rural,30.512962962962998
Monsoon,Rural,30.135517241379336
Monsoon,Rural,30.410740740740774
Monsoon,Rural,30.178461538461566
Monsoon,Rural,31.399523809523835
Monsoon,Rural,32.64400000000004
Monsoon,Rural,32.736666666666686
Monsoon,Rural,29.78909090909094
Monsoon,Rural,29.23400000000003
Monsoon,Rural,30.46894736842108
Monsoon,Rural,30.30047619047622
Monsoon,Rural,30.05333333333336
Monsoon,Rural,30.114800000000038
Monsoon,Rural,31.03333333333336
Monsoon,Rural,31.695185185185213
Monsoon,Rural,31.764285714285744
Monsoon,Rural,31.025200000000023
Monsoon,Rural,30.358333333333366
Monsoon,Rural,30.14769230769233
Monsoon,Rural,30.580400000000036
Monsoon,Rural,31.75666666666669
Monsoon,Rural,31.721200000000024
Monsoon,Rural,30.05923076923079
Monsoon,Rural,29.972439024390276
Monsoon,Rural,30.03829268292685
Monsoon,Rural,30.160256410256434
Monsoon,Rural,30.459411764705905
Monsoon,Rural,30.403548387096794
Monsoon,Rural,30.836875000000035
Monsoon,Rural,31.54733333333336
Monsoon,Rural,31.189310344827614
Monsoon,Rural,30.836666666666687
Monsoon,Rural,31.383913043478298
Monsoon,Rural,31.027142857142888
Monsoon,Rural,31.320476190476217
Monsoon,Rural,31.49300000000003
Monsoon,Rural,32.95750000000003
Monsoon,Rural,32.130000000000024
Monsoon,Rural,30.976666666666688
Monsoon,Rural,29.175000000000022
Monsoon,Rural,29.033000000000037
Monsoon,Rural,29.687000000000033
Monsoon,Rural,29.955263157894766
Monsoon,Rural,29.98809523809527
Monsoon,Rural,31.019090909090945
Monsoon,Rural,32.52363636363639
Monsoon,Rural,32.11240000000002
Monsoon,Rural,31.510769230769256
Monsoon,Rural,30.466000000000026
Monsoon,Rural,30.144166666666703
Monsoon,Rural,31.01916666666669
Monsoon,Rural,31.81480000000004
Monsoon,Rural,29.54130434782611
Monsoon,Rural,30.313783783783812
Monsoon,Rural,30.067500000000035
Monsoon,Rural,30.066410256410297
Monsoon,Rural,30.61473684210529
Monsoon,Rural,30.59210526315793
Monsoon,Rural,32.892068965517275
Monsoon,Rural,32.0286206896552
Monsoon,Rural,31.174800000000015
Monsoon,Rural,31.06333333333337
Monsoon,Rural,30.994000000000028
Monsoon,Rural,32.50777777777781
Monsoon,Rural,33.28058823529415
Monsoon,Rural,31.780000000000026
Monsoon,Rural,30.50000000000004
Monsoon,Rural,29.730000000000032
Monsoon,Rural,29.757058823529437
Monsoon,Rural,29.292222222222247
Monsoon,Rural,29.92250000000003
Monsoon,Rural,30.813333333333365
Monsoon,Rural,31.20300000000003
Monsoon,Rural,32.315263157894776
Monsoon,Rural,32.04181818181821
Monsoon,Rural,31.584814814814848
Monsoon,Rural,30.58111111111113
Monsoon,Rural,30.042500000000036
Monsoon,Rural,31.045789473684252
Monsoon,Rural,31.749000000000034
Monsoon,Rural,29.654705882352975
Monsoon,Rural,30.165609756097595
Monsoon,Rural,30.518717948717974
Monsoon,Rural,30.478648648648676
Monsoon,Rural,31.573333333333366
Monsoon,Rural,31.947575757575784
Monsoon,Rural,31.802142857142883
Monsoon,Rural,31.501538461538495
Monsoon,Rural,31.640000000000033
Monsoon,Rural,30.777000000000037
Monsoon,Rural,29.89000000000003
Monsoon,Rural,30.99210526315792
Monsoon,Rural,33.21000000000003
Monsoon,Rural,32.67000000000004
Monsoon,Rural,30.97857142857147
Monsoon,Rural,30.065789473684234
Monsoon,Rural,30.391176470588267
Monsoon,Rural,29.525555555555577
Monsoon,Rural,29.679411764705907
Monsoon,Rural,29.47750000000003
Monsoon,Rural,29.62777777777781
Monsoon,Rural,30.51631578947372
Monsoon,Rural,31.435263157894767
Monsoon,Rural,32.29190476190479
Monsoon,Rural,32.28083333333338
Monsoon,Rural,31.33260869565221
Monsoon,Rural,30.085652173913076
Monsoon,Rural,30.381578947368446
Monsoon,Rural,29.26615384615388
Monsoon,Rural,29.984594594594633
Monsoon,Rural,30.374000000000024
Monsoon,Rural,32.046666666666695
Monsoon,Rural,32.49896551724141
Monsoon,Rural,32.41866666666669
Monsoon,Rural,31.89962962962965
Monsoon,Rural,31.723333333333347
Monsoon,Rural,32.273000000000025
Monsoon,Rural,32.10111111111113
Monsoon,Rural,30.475263157894773
Monsoon,Rural,29.74894736842109
Monsoon,Rural,30.99000000000003
Monsoon,Rural,32.09090909090912
Monsoon,Rural,29.957619047619076
Monsoon,Rural,29.906470588235315
Monsoon,Rural,29.56066666666669
Monsoon,Rural,29.235333333333365
Monsoon,Rural,28.95400000000003
Monsoon,Rural,29.26466666666669
Monsoon,Rural,29.21625000000003
Monsoon,Rural,29.792222222222247
Monsoon,Rural,31.942727272727304
Monsoon,Rural,32.01083333333336
Monsoon,Rural,31.851538461538492
Monsoon,Rural,30.904166666666697
Monsoon,Rural,29.799000000000035
Monsoon,Rural,30.54777777777781
Monsoon,Rural,31.973846153846186
Monsoon,Rural,32.6277777777778
Monsoon,Rural,32.61666666666669
Monsoon,Rural,32.31428571428573
Monsoon,Rural,32.22785714285716
Monsoon,Rural,31.999090909090942
Monsoon,Rural,33.19625000000003
Monsoon,Rural,31.934210526315812
Monsoon,Rural,30.365789473684238
Monsoon,Rural,29.67095238095241
Monsoon,Rural,30.817619047619072
Monsoon,Rural,30.67900000000003
Monsoon,Rural,29.532727272727303
Monsoon,Rural,28.96894736842108
Monsoon,Rural,29.13714285714288
Monsoon,Rural,29.847333333333363
Monsoon,Rural,29.191250000000025
Monsoon,Rural,28.93352941176473
Monsoon,Rural,29.002941176470614
Monsoon,Rural,28.906250000000032
Monsoon,Rural,31.066842105263188
Monsoon,Rural,32.0318181818182
Monsoon,Rural,31.783333333333363
Monsoon,Rural,29.81000000000004
Monsoon,Rural,30.58290322580648
Monsoon,Rural,31.999629629629656
Monsoon,Rural,30.081578947368456
Monsoon,Rural,29.93470588235297
Monsoon,Rural,29.580588235294144
Monsoon,Rural,28.262500000000028
Monsoon,Rural,28.395714285714313
Monsoon,Rural,28.913333333333366
Monsoon,Rural,29.328461538461568
Monsoon,Rural,28.903333333333357
Monsoon,Rural,29.520000000000024
Monsoon,Rural,29.238235294117672
Monsoon,Rural,30.602631578947395
Monsoon,Rural,31.060526315789502
Monsoon,Rural,29.561282051282088
Monsoon,Rural,29.699189189189223
Monsoon,Rural,32.64555555555559
Monsoon,Rural,30.067000000000025
Monsoon,Rural,29.195555555555593
Monsoon,Rural,28.68500000000003
Monsoon,Rural,28.142000000000035
Monsoon,Rural,27.800000000000026
Monsoon,Rural,28.18285714285717
Monsoon,Rural,29.140000000000036
Monsoon,Rural,29.843750000000036
Monsoon,Rural,31.594444444444477
Monsoon,Rural,32.05315789473688
Monsoon,Rural,29.39000000000003
Monsoon,Rural,29.6209523809524
Monsoon,Rural,29.95974358974362
Monsoon,Rural,30.15181818181821
Monsoon,Rural,30.624400000000023
Monsoon,Rural,31.98181818181822
Monsoon,Rural,35.318000000000026
Monsoon,Rural,31.763750000000027
Monsoon,Rural,30.227647058823564
Monsoon,Rural,29.268666666666697
Monsoon,Rural,27.933076923076946
Monsoon,Rural,27.746363636363665
Monsoon,Rural,28.37727272727275
Monsoon,Rural,29.131428571428597
Monsoon,Rural,29.6966666666667
Monsoon,Rural,31.153333333333357
Monsoon,Rural,29.306666666666697
Monsoon,Rural,28.91809523809527
Monsoon,Rural,29.269523809523836
Monsoon,Rural,29.64611111111113
Monsoon,Rural,30.566666666666695
Monsoon,Rural,31.62500000000004
Monsoon,Rural,32.66444444444447
Monsoon,Rural,33.17222222222225
Monsoon,Rural,33.3123529411765
Monsoon,Rural,33.11470588235297
Monsoon,Rural,33.32625000000003
Monsoon,Rural,30.15933333333336
Monsoon,Rural,28.20375000000003
Monsoon,Rural,27.35125000000002
Monsoon,Rural,27.83769230769233
Monsoon,Rural,28.40250000000003
Monsoon,Rural,28.659047619047648
Monsoon,Rural,29.095000000000027
Monsoon,Rural,29.85322580645163
Monsoon,Rural,30.862413793103496
Monsoon,Rural,31.737692307692345
Monsoon,Rural,32.75555555555559
Monsoon,Rural,31.613529411764738
Monsoon,Rural,32.56500000000003
Monsoon,Rural,33.808888888888916
Monsoon,Rural,33.550000000000026
Monsoon,Rural,31.866250000000036
Monsoon,Rural,29.556666666666697
Post-monsoon,Urban,29.40640000000003
Post-monsoon,Urban,29.15230769230772
Post-monsoon,Urban,29.809555555555594
Post-monsoon,Urban,30.28416666666669
Post-monsoon,Urban,31.114615384615412
Post-monsoon,Urban,31.76615384615387
Post-monsoon,Urban,31.733921568627483
Post-monsoon,Urban,32.20500000000003
Post-monsoon,Urban,30.82622641509438
Post-monsoon,Urban,32.027358490566066
Post-monsoon,Urban,32.69961538461542
Post-monsoon,Urban,32.64076923076926
Post-monsoon,Urban,31.04622641509437
Post-monsoon,Urban,32.18076923076926
Post-monsoon,Urban,32.47000000000003
Post-monsoon,Urban,32.356153846153866
Post-monsoon,Urban,30.29943396226417
Post-monsoon,Urban,31.12886792452833
Post-monsoon,Urban,32.020000000000024
Post-monsoon,Urban,32.628846153846176
Post-monsoon,Urban,32.31115384615389
Post-monsoon,Urban,32.667307692307716
Post-monsoon,Urban,32.68307692307696
Post-monsoon,Urban,31.172264150943423
Post-monsoon,Urban,31.810377358490605
Post-monsoon,Urban,32.34849056603777
Post-monsoon,Urban,32.52038461538464
Post-monsoon,Urban,32.37846153846155
Post-monsoon,Urban,30.922592592592622
Post-monsoon,Urban,31.766296296296318
Post-monsoon,Urban,32.3247169811321
Post-monsoon,Urban,32.23115384615387
Post-monsoon,Urban,32.02307692307695
Post-monsoon,Urban,32.93905660377361
Post-monsoon,Urban,30.08500000000003
Post-monsoon,Urban,30.518888888888924
Post-monsoon,Urban,31.30320754716983
Post-monsoon,Urban,32.09384615384618
Post-monsoon,Urban,32.01339622641513
Post-monsoon,Urban,31.96849056603777
Post-monsoon,Urban,32.989245283018896
Post-monsoon,Urban,33.256415094339644
Post-monsoon,Urban,30.665849056603815
Post-monsoon,Urban,31.50698113207549
Post-monsoon,Urban,31.950377358490595
Post-monsoon,Urban,32.97301886792456
Post-monsoon,Urban,33.69981132075476
Post-monsoon,Urban,32.87377358490568
Post-monsoon,Urban,30.670000000000012
Post-monsoon,Urban,31.67113207547172
Post-monsoon,Urban,32.4847169811321
Post-monsoon,Urban,33.08207547169815
Post-monsoon,Urban,33.18396226415096
Post-monsoon,Urban,32.78038461538465
Post-monsoon,Urban,31.50396226415097
Post-monsoon,Urban,32.78849056603775
Post-monsoon,Urban,33.40773584905664
Post-monsoon,Urban,33.63679245283022
Post-monsoon,Urban,31.983461538461572
Post-monsoon,Urban,31.105185185185224
Post-monsoon,Urban,29.453529411764737
Post-monsoon,Urban,31.29867924528305
Post-monsoon,Urban,33.43961538461541
Post-monsoon,Urban,33.75461538461541
Post-monsoon,Urban,33.61230769230771
Post-monsoon,Urban,33.393846153846184
Post-monsoon,Urban,32.42076923076925
Post-monsoon,Urban,32.66773584905663
Post-monsoon,Urban,32.70320754716984
Post-monsoon,Urban,29.827037037037062
Post-monsoon,Urban,30.76074074074076
Post-monsoon,Urban,31.639056603773607
Post-monsoon,Urban,32.228846153846185
Post-monsoon,Urban,32.78254901960787
Post-monsoon,Urban,33.30961538461541
Post-monsoon,Urban,33.55384615384618
Post-monsoon,Urban,33.66000000000003
Post-monsoon,Urban,33.50884615384617
Post-monsoon,Urban,33.43769230769234
Post-monsoon,Urban,33.883725490196106
Post-monsoon,Urban,34.42440000000002
Post-monsoon,Urban,30.939629629629675
Post-monsoon,Urban,32.278888888888915
Post-monsoon,Urban,33.177058823529435
Post-monsoon,Urban,33.81115384615388
Post-monsoon,Urban,34.340769230769276
Post-monsoon,Urban,34.322307692307724
Post-monsoon,Urban,33.84538461538463
Post-monsoon,Urban,33.63156862745102
Post-monsoon,Urban,33.92215686274512
Post-monsoon,Urban,34.33588235294121
Post-monsoon,Urban,30.649259259259296
Post-monsoon,Urban,31.507777777777804
Post-monsoon,Urban,32.74811320754718
Post-monsoon,Urban,33.524615384615416
Post-monsoon,Urban,34.17823529411767
Post-monsoon,Urban,35.04215686274512
Post-monsoon,Urban,35.304509803921604
Post-monsoon,Urban,33.983725490196115
Post-monsoon,Urban,33.46529411764708
Post-monsoon,Urban,33.134705882352975
Post-monsoon,Urban,31.041111111111153
Post-monsoon,Urban,32.26185185185188
Post-monsoon,Urban,35.07115384615388
Post-monsoon,Urban,36.050769230769255
Post-monsoon,Urban,36.45153846153849
Post-monsoon,Urban,36.133137254901975
Post-monsoon,Urban,35.4601960784314
Post-monsoon,Urban,34.6209803921569
Post-monsoon,Urban,33.72058823529415
Post-monsoon,Urban,32.53150943396229
Post-monsoon,Urban,30.663584905660407
Post-monsoon,Urban,31.399056603773612
Post-monsoon,Urban,32.67943396226417
Post-monsoon,Urban,33.87769230769234
Post-monsoon,Urban,35.36846153846158
Post-monsoon,Urban,36.21692307692311
Post-monsoon,Urban,36.399019607843165
Post-monsoon,Urban,36.13117647058825
Post-monsoon,Urban,35.14269230769234
Post-monsoon,Urban,34.07037735849059
Post-monsoon,Urban,33.01792452830191
Post-monsoon,Urban,30.643207547169848
Post-monsoon,Urban,31.57490566037738
Post-monsoon,Urban,32.4681132075472
Post-monsoon,Urban,33.313461538461574
Post-monsoon,Urban,34.22153846153849
Post-monsoon,Urban,34.79961538461541
Post-monsoon,Urban,35.07846153846156
Post-monsoon,Urban,35.626470588235314
Post-monsoon,Urban,35.10396226415097
Post-monsoon,Urban,34.27716981132078
Post-monsoon,Urban,33.97500000000004
Post-monsoon,Urban,30.395283018867964
Post-monsoon,Urban,31.942452830188717
Post-monsoon,Urban,32.76346153846156
Post-monsoon,Urban,33.246538461538485
Post-monsoon,Urban,33.59500000000004
Post-monsoon,Urban,33.855769230769255
Post-monsoon,Urban,33.8169230769231
Post-monsoon,Urban,33.604615384615414
Post-monsoon,Urban,32.70814814814817
Post-monsoon,Urban,32.66773584905663
Post-monsoon,Urban,30.261320754717023
Post-monsoon,Urban,30.996415094339646
Post-monsoon,Urban,31.999056603773603
Post-monsoon,Urban,32.82846153846157
Post-monsoon,Urban,33.29500000000002
Post-monsoon,Urban,33.40192307692312
Post-monsoon,Urban,33.24307692307696
Post-monsoon,Urban,32.17339622641513
Post-monsoon,Urban,31.723333333333375
Post-monsoon,Urban,32.89641509433965
Post-monsoon,Urban,30.801320754717004
Post-monsoon,Urban,31.870377358490597
Post-monsoon,Urban,32.64622641509437
Post-monsoon,Urban,33.20076923076926
Post-monsoon,Urban,33.52576923076927
Post-monsoon,Urban,33.36307692307695
Post-monsoon,Urban,32.65641509433965
Post-monsoon,Urban,32.377547169811336
Post-monsoon,Urban,29.941698113207575
Post-monsoon,Urban,30.556415094339645
Post-monsoon,Urban,31.50615384615388
Post-monsoon,Urban,32.51538461538463
Post-monsoon,Urban,33.178846153846195
Post-monsoon,Urban,33.58000000000001
Post-monsoon,Urban,31.614444444444477
Post-monsoon,Urban,31.930000000000035
Post-monsoon,Urban,33.18396226415096
Post-monsoon,Urban,33.558461538461565
Post-monsoon,Urban,33.26615384615387
Post-monsoon,Urban,32.10849056603777
Post-monsoon,Urban,32.79000000000003
Post-monsoon,Urban,31.775000000000027
Post-monsoon,Urban,32.51538461538465
Post-monsoon,Urban,33.19113207547173
Post-monsoon,Urban,32.998076923076944
Post-monsoon,Urban,29.74094339622646
Post-monsoon,Urban,32.371509433962295
Post-monsoon,Urban,33.00653846153848
Post-monsoon,Urban,32.54886792452834
Post-monsoon,Urban,32.81377358490569
Post-monsoon,Urban,32.343584905660414
Post-monsoon,Urban,30.49000000000003
Post-monsoon,Urban,32.53867924528305
Post-monsoon,Urban,32.74520000000004
Post-monsoon,Urban,32.449200000000026
Post-monsoon,Urban,30.067358490566075
Post-monsoon,Urban,31.460566037735877
Post-monsoon,Urban,32.35792452830192
Post-monsoon,Urban,32.815283018867945
Post-monsoon,Urban,32.7737735849057
Post-monsoon,Urban,32.50000000000003
Post-monsoon,Urban,31.800566037735873
Post-monsoon,Urban,32.12921568627454
Post-monsoon,Urban,31.862692307692335
Post-monsoon,Urban,31.296792452830214
Post-monsoon,Urban,32.873773584905685
Post-monsoon,Urban,33.234150943396266
Post-monsoon,Urban,33.72811320754718
Post-monsoon,Urban,34.17905660377361
Post-monsoon,Urban,32.47979591836738
Post-monsoon,Urban,32.76185185185187
Post-monsoon,Urban,33.27981132075475
Post-monsoon,Urban,33.05641509433965
Post-monsoon,Urban,33.927358490566064
Post-monsoon,Urban,32.19259259259262
Post-monsoon,Urban,32.35888888888891
Post-monsoon,Urban,33.38000000000003
Post-monsoon,Urban,33.382692307692345
Post-monsoon,Urban,33.003076923076954
Post-monsoon,Urban,33.56686274509807
Post-monsoon,Urban,33.10333333333337
Post-monsoon,Urban,31.351153846153878
Post-monsoon,Urban,32.11566037735851
Post-monsoon,Urban,32.869245283018905
Post-monsoon,Urban,32.82576923076925
Post-monsoon,Urban,33.06653846153848
Post-monsoon,Urban,33.37392156862748
Post-monsoon,Urban,32.825686274509835
Post-monsoon,Urban,31.61943396226416
Post-monsoon,Urban,30.093703703703735
Post-monsoon,Urban,31.684230769230794
Post-monsoon,Urban,32.40307692307694
Post-monsoon,Urban,32.4392307692308
Post-monsoon,Urban,32.74961538461541
Post-monsoon,Urban,32.62803921568631
Post-monsoon,Urban,30.079230769230797
Post-monsoon,Urban,31.285000000000025
Post-monsoon,Urban,32.152692307692334
Post-monsoon,Urban,32.397307692307734
Post-monsoon,Urban,32.27039215686277
Post-monsoon,Urban,32.76098039215689
Post-monsoon,Urban,30.847647058823547
Post-monsoon,Urban,31.760000000000026
Post-monsoon,Urban,32.39038461538463
Post-monsoon,Urban,32.16000000000004
Post-monsoon,Rural,29.974150943396257
Post-monsoon,Rural,29.16153846153849
Post-monsoon,Rural,29.567735849056636
Post-monsoon,Rural,30.127735849056634
Post-monsoon,Rural,30.566603773584934
Post-monsoon,Rural,29.24169811320758
Post-monsoon,Rural,29.770754716981166
Post-monsoon,Rural,30.307735849056638
Post-monsoon,Rural,30.603962264150976
Post-monsoon,Rural,30.730000000000018
Post-monsoon,Rural,29.75941176470592
Post-monsoon,Rural,29.358301886792493
Post-monsoon,Rural,29.977924528301912
Post-monsoon,Rural,30.328490566037775
Post-monsoon,Rural,30.425471698113242
Post-monsoon,Rural,30.09509803921571
Post-monsoon,Rural,29.107254901960825
Post-monsoon,Rural,28.896666666666697
Post-monsoon,Rural,29.380566037735885
Post-monsoon,Rural,29.94433962264153
Post-monsoon,Rural,30.147307692307713
Post-monsoon,Rural,29.883962264150977
Post-monsoon,Rural,29.371923076923107
Post-monsoon,Rural,28.696538461538502
Post-monsoon,Rural,28.602830188679288
Post-monsoon,Rural,29.015384615384644
Post-monsoon,Rural,29.664339622641545
Post-monsoon,Rural,29.999433962264177
Post-monsoon,Rural,29.883076923076942
Post-monsoon,Rural,29.583962264150966
Post-monsoon,Rural,29.40769230769233
Post-monsoon,Rural,29.143076923076958
Post-monsoon,Rural,28.91226415094343
Post-monsoon,Rural,29.010377358490594
Post-monsoon,Rural,28.88384615384619
Post-monsoon,Rural,29.16849056603777
Post-monsoon,Rural,29.71867924528304
Post-monsoon,Rural,29.848113207547193
Post-monsoon,Rural,29.658301886792486
Post-monsoon,Rural,29.753773584905694
Post-monsoon,Rural,29.7703773584906
Post-monsoon,Rural,29.63075471698116
Post-monsoon,Rural,29.617924528301913
Post-monsoon,Rural,28.64320754716984
Post-monsoon,Rural,29.116792452830207
Post-monsoon,Rural,29.410000000000025
Post-monsoon,Rural,29.374905660377383
Post-monsoon,Rural,29.255660377358517
Post-monsoon,Rural,29.329622641509463
Post-monsoon,Rural,29.423584905660398
Post-monsoon,Rural,29.855660377358518
Post-monsoon,Rural,30.204716981132112
Post-monsoon,Rural,28.20471698113211
Post-monsoon,Rural,28.622075471698142
Post-monsoon,Rural,28.824339622641542
Post-monsoon,Rural,28.842452830188712
Post-monsoon,Rural,29.031886792452863
Post-monsoon,Rural,29.89452830188683
Post-monsoon,Rural,30.38886792452833
Post-monsoon,Rural,29.534905660377387
Post-monsoon,Rural,29.111132075471733
Post-monsoon,Rural,30.066981132075497
Post-monsoon,Rural,29.68622641509437
Post-monsoon,Rural,30.43075471698117
Post-monsoon,Rural,29.97679245283021
Post-monsoon,Rural,30.768113207547202
Post-monsoon,Rural,31.313018867924562
Post-monsoon,Rural,28.884716981132097
Post-monsoon,Rural,29.24886792452833
Post-monsoon,Rural,29.846603773584924
Post-monsoon,Rural,31.903584905660402
Post-monsoon,Rural,31.33000000000003
Post-monsoon,Rural,29.366981132075495
Post-monsoon,Rural,29.807735849056627
Post-monsoon,Rural,30.36094339622644
Post-monsoon,Rural,31.379056603773616
Post-monsoon,Rural,32.49384615384618
Post-monsoon,Rural,32.276037735849094
Post-monsoon,Rural,31.484339622641535
Post-monsoon,Rural,30.846603773584935
Post-monsoon,Rural,30.26358490566041
Post-monsoon,Rural,30.72886792452833
Post-monsoon,Rural,31.169622641509456
Post-monsoon,Rural,31.379056603773613
Post-monsoon,Rural,31.316538461538496
Post-monsoon,Rural,31.140566037735873
Post-monsoon,Rural,31.471509433962304
Post-monsoon,Rural,32.13377358490569
Post-monsoon,Rural,32.480943396226444
Post-monsoon,Rural,32.24846153846155
Post-monsoon,Rural,32.02698113207549
Post-monsoon,Rural,31.91830188679247
Post-monsoon,Rural,31.726981132075494
Post-monsoon,Rural,29.34500000000003
Post-monsoon,Rural,29.73075471698116
Post-monsoon,Rural,31.057547169811347
Post-monsoon,Rural,31.6315094339623
Post-monsoon,Rural,32.026226415094364
Post-monsoon,Rural,32.20886792452832
Post-monsoon,Rural,31.65603773584909
Post-monsoon,Rural,31.92115384615386
Post-monsoon,Rural,31.896923076923105
Post-monsoon,Rural,31.778148148148187
Post-monsoon,Rural,30.98629629629632
Post-monsoon,Rural,29.34509433962267
Post-monsoon,Rural,29.91339622641512
Post-monsoon,Rural,31.496415094339643
Post-monsoon,Rural,31.80396226415099
Post-monsoon,Rural,31.85075471698115
Post-monsoon,Rural,32.17226415094341
Post-monsoon,Rural,31.917547169811357
Post-monsoon,Rural,31.459056603773618
Post-monsoon,Rural,31.57037735849059
Post-monsoon,Rural,31.745384615384637
Post-monsoon,Rural,31.773018867924563
Post-monsoon,Rural,31.942222222222252
Post-monsoon,Rural,31.83407407407411
Post-monsoon,Rural,31.02185185185187
Post-monsoon,Rural,30.333333333333364
Post-monsoon,Rural,28.759433962264183
Post-monsoon,Rural,29.13716981132078
Post-monsoon,Rural,31.376792452830216
Post-monsoon,Rural,31.449622641509457
Post-monsoon,Rural,31.916037735849077
Post-monsoon,Rural,32.48423076923079
Post-monsoon,Rural,31.9588461538462
Post-monsoon,Rural,31.822307692307717
Post-monsoon,Rural,31.925384615384647
Post-monsoon,Rural,31.96851851851854
Post-monsoon,Rural,31.4477777777778
Post-monsoon,Rural,30.541481481481515
Post-monsoon,Rural,29.701111111111135
Post-monsoon,Rural,28.135660377358516
Post-monsoon,Rural,28.576792452830226
Post-monsoon,Rural,30.393018867924553
Post-monsoon,Rural,31.07905660377361
Post-monsoon,Rural,31.605471698113245
Post-monsoon,Rural,32.35000000000004
Post-monsoon,Rural,32.742941176470616
Post-monsoon,Rural,32.10923076923079
Post-monsoon,Rural,31.849230769230807
Post-monsoon,Rural,32.25777777777781
Post-monsoon,Rural,31.217037037037066
Post-monsoon,Rural,30.030740740740764
Post-monsoon,Rural,29.36000000000002
Post-monsoon,Rural,29.352962962962994
Post-monsoon,Rural,31.824339622641535
Post-monsoon,Rural,32.52547169811323
Post-monsoon,Rural,32.99000000000002
Post-monsoon,Rural,32.80843137254905
Post-monsoon,Rural,32.57196078431375
Post-monsoon,Rural,32.21769230769234
Post-monsoon,Rural,32.23905660377362
Post-monsoon,Rural,31.892592592592614
Post-monsoon,Rural,30.381481481481522
Post-monsoon,Rural,29.5440740740741
Post-monsoon,Rural,29.151111111111142
Post-monsoon,Rural,28.97000000000003
Post-monsoon,Rural,28.510377358490604
Post-monsoon,Rural,31.088823529411787
Post-monsoon,Rural,31.79576923076926
Post-monsoon,Rural,32.003846153846176
Post-monsoon,Rural,32.26423076923081
Post-monsoon,Rural,32.505294117647075
Post-monsoon,Rural,32.61038461538463
Post-monsoon,Rural,32.746153846153874
Post-monsoon,Rural,32.220188679245304
Post-monsoon,Rural,30.656296296296304
Post-monsoon,Rural,29.668518518518542
Post-monsoon,Rural,29.11185185185189
Post-monsoon,Rural,28.75592592592596
Post-monsoon,Rural,28.380188679245315
Post-monsoon,Rural,28.380943396226442
Post-monsoon,Rural,30.96884615384617
Post-monsoon,Rural,31.331153846153867
Post-monsoon,Rural,32.802307692307714
Post-monsoon,Rural,32.89730769230771
Post-monsoon,Rural,32.60307692307696
Post-monsoon,Rural,31.287037037037074
Post-monsoon,Rural,29.968518518518554
Post-monsoon,Rural,29.331851851851887
Post-monsoon,Rural,29.096666666666696
Post-monsoon,Rural,28.929245283018894
Post-monsoon,Rural,28.494528301886813
Post-monsoon,Rural,28.811886792452874
Post-monsoon,Rural,31.20962264150946
Post-monsoon,Rural,30.50056603773588
Post-monsoon,Rural,30.256923076923098
Post-monsoon,Rural,31.38461538461543
Post-monsoon,Rural,32.95538461538463
Post-monsoon,Rural,32.67115384615387
Post-monsoon,Rural,31.731886792452865
Post-monsoon,Rural,30.626666666666697
Post-monsoon,Rural,29.53037735849059
Post-monsoon,Rural,29.529245283018906
Post-monsoon,Rural,29.042452830188697
Post-monsoon,Rural,28.64018867924531
Post-monsoon,Rural,29.130000000000013
Post-monsoon,Rural,30.193846153846184
Post-monsoon,Rural,31.7652941176471
Post-monsoon,Rural,32.46921568627453
Post-monsoon,Rural,32.57153846153849
Post-monsoon,Rural,31.994313725490215
Post-monsoon,Rural,31.510000000000016
Post-monsoon,Rural,31.293773584905676
Post-monsoon,Rural,30.689615384615422
Post-monsoon,Rural,30.076415094339644
Post-monsoon,Rural,29.525849056603793
Post-monsoon,Rural,28.807358490566067
Post-monsoon,Rural,28.744716981132107
Post-monsoon,Rural,29.516415094339663
Post-monsoon,Rural,30.10518518518522
Post-monsoon,Rural,32.17666666666669
Post-monsoon,Rural,32.78849056603776
Post-monsoon,Rural,33.12461538461541
Post-monsoon,Rural,33.34254901960789
Post-monsoon,Rural,32.83980392156866
Post-monsoon,Rural,32.01423076923081
Post-monsoon,Rural,30.822452830188713
Post-monsoon,Rural,29.89113207547172
Post-monsoon,Rural,29.930384615384654
Post-monsoon,Rural,30.77807692307694
Post-monsoon,Rural,31.460196078431405
Post-monsoon,Rural,32.011568627451005
Post-monsoon,Rural,31.75555555555559
Post-monsoon,Rural,32.59230769230771
Post-monsoon,Rural,32.81961538461541
Post-monsoon,Rural,32.88692307692311
Post-monsoon,Rural,32.64576923076924
Post-monsoon,Rural,32.39307692307695
Post-monsoon,Rural,31.33603773584909
Post-monsoon,Rural,30.99603773584909
Post-monsoon,Rural,31.637307692307715
Post-monsoon,Rural,31.950000000000028
Post-monsoon,Rural,30.625185185185224
Post-monsoon,Rural,31.79000000000004
Post-monsoon,Rural,32.454905660377385
Post-monsoon,Rural,33.07307692307694
Post-monsoon,Rural,32.98500000000002
Post-monsoon,Rural,32.74961538461543
Post-monsoon,Rural,32.03745098039219
Post-monsoon,Rural,30.77415094339624
Post-monsoon,Rural,31.91415094339626
Post-monsoon,Rural,33.14500000000004
Post-monsoon,Rural,34.08307692307694
Post-monsoon,Rural,34.72346153846156
Post-monsoon,Rural,34.537307692307714
Post-monsoon,Rural,34.06461538461541
Post-monsoon,Rural,32.334705882352964
Post-monsoon,Rural,31.306603773584936
Post-monsoon,Rural,32.64660377358493
Post-monsoon,Rural,34.69901960784318
Post-monsoon,Rural,34.626538461538495
Post-monsoon,Rural,34.2869230769231
Post-monsoon,Rural,33.62807692307695
Post-monsoon,Rural,32.84807692307695
Post-monsoon,Rural,32.28764705882356
Post-monsoon,Rural,30.3166666666667
Post-monsoon,Rural,32.4837254901961
Post-monsoon,Rural,32.086470588235315
Post-monsoon,Rural,31.623846153846173
Post-monsoon,Rural,30.250000000000025
Post-monsoon,Rural,33.02730769230772
Post-monsoon,Rural,32.33115384615387
Post-monsoon,Rural,32.4201960784314
Post-monsoon,Rural,32.590000000000025
Post-monsoon,Rural,31.22769230769234
Post-monsoon,Rural,32.84807692307695
Post-monsoon,Rural,32.409615384615414
Post-monsoon,Rural,32.911153846153866
Post-monsoon,Rural,32.47576923076925
Post-monsoon,Rural,31.50923076923082
Post-monsoon,Rural,30.859615384615413
Post-monsoon,Rural,30.854230769230785
Post-monsoon,Rural,33.20038461538464
Post-monsoon,Rural,32.30807692307695
Post-monsoon,Rural,32.13153846153849
Post-monsoon,Rural,32.19415094339625
Post-monsoon,Rural,31.214230769230774
Post-monsoon,Rural,30.813846153846182
Post-monsoon,Rural,31.52769230769234
Post-monsoon,Rural,32.62000000000001
Post-monsoon,Rural,31.83038461538464
Post-monsoon,Rural,31.586923076923107
Post-monsoon,Rural,31.77943396226418
Post-monsoon,Rural,32.167692307692334
Post-monsoon,Rural,31.029615384615397
Post-monsoon,Rural,31.074230769230798
Post-monsoon,Rural,31.897307692307706
Post-monsoon,Rural,32.462692307692336
Post-monsoon,Rural,32.664230769230805
Post-monsoon,Rural,32.10807692307696
Post-monsoon,Rural,31.47576923076927
Post-monsoon,Rural,31.24961538461542
Post-monsoon,Rural,31.951538461538487
Post-monsoon,Rural,31.136153846153857
Post-monsoon,Rural,31.51346153846157
Post-monsoon,Rural,32.10346153846155
Post-monsoon,Rural,32.33941176470591
Post-monsoon,Rural,31.840769230769254
Post-monsoon,Rural,31.152692307692327
Post-monsoon,Rural,31.959230769230796
Post-monsoon,Rural,32.28615384615387
Post-monsoon,Rural,31.472307692307727
Post-monsoon,Rural,30.819615384615417
Post-monsoon,Rural,32.32615384615387
Post-monsoon,Rural,31.118846153846196
Post-monsoon,Rural,31.53745098039218
Post-monsoon,Rural,32.370392156862785
Post-monsoon,Rural,32.73500000000004
Post-monsoon,Rural,33.19961538461541
Post-monsoon,Rural,32.7746153846154
Post-monsoon,Rural,31.69470588235297
Post-monsoon,Rural,30.68921568627453
Post-monsoon,Rural,31.051176470588246
Post-monsoon,Rural,31.541764705882382
Post-monsoon,Rural,32.34560000000003
Post-monsoon,Rural,32.12115384615386
Post-monsoon,Rural,32.08846153846159
Post-monsoon,Rural,32.48500000000002
Post-monsoon,Rural,32.95235294117651
Post-monsoon,Rural,30.975490196078468
Post-monsoon,Rural,30.21823529411768
Post-monsoon,Rural,30.53745098039218
Post-monsoon,Rural,31.30372549019611
Post-monsoon,Rural,31.860000000000028
Post-monsoon,Rural,31.638076923076973
Post-monsoon,Rural,31.923846153846174
Post-monsoon,Rural,33.48730769230772
Post-monsoon,Rural,32.746153846153874
Post-monsoon,Rural,31.73274509803925
Post-monsoon,Rural,30.45901960784317
Post-monsoon,Rural,30.606470588235325
Post-monsoon,Rural,31.374705882352966
Post-monsoon,Rural,31.94653846153849
Post-monsoon,Rural,31.35923076923079
Post-monsoon,Rural,31.239615384615412
Post-monsoon,Rural,31.71384615384617
Post-monsoon,Rural,32.361153846153876
Post-monsoon,Rural,32.777058823529444
Post-monsoon,Rural,32.371538461538506
Post-monsoon,Rural,31.568461538461563
Post-monsoon,Rural,31.329230769230794
Post-monsoon,Rural,32.73235294117651
Post-monsoon,Rural,31.30269230769234
Post-monsoon,Rural,31.319803921568653
Post-monsoon,Rural,32.46800000000003
Post-monsoon,Rural,32.95538461538464
Post-monsoon,Rural,32.31076923076926
Post-monsoon,Rural,31.55692307692311
Post-monsoon,Rural,31.80692307692311
Post-monsoon,Rural,32.286923076923095
Post-monsoon,Rural,32.45269230769233
Post-monsoon,Rural,32.44346153846158
Post-monsoon,Rural,31.607307692307717
Post-monsoon,Rural,31.016153846153877
Post-monsoon,Rural,30.87307692307695
Post-monsoon,Rural,31.94849056603775
Post-monsoon,Rural,31.246981132075497
Post-monsoon,Rural,32.33745098039219
Post-monsoon,Rural,32.46846153846157
Post-monsoon,Rural,31.67653846153849
Post-monsoon,Rural,31.53846153846157
Post-monsoon,Rural,31.813846153846182
Post-monsoon,Rural,32.23576923076925
Post-monsoon,Rural,32.38961538461542
Post-monsoon,Rural,32.18461538461541
Post-monsoon,Rural,31.071923076923106
Post-monsoon,Rural,30.39769230769235
Post-monsoon,Rural,29.94076923076926
Post-monsoon,Rural,32.60333333333337
Post-monsoon,Rural,32.25666666666669
Post-monsoon,Rural,31.496923076923096
Post-monsoon,Rural,30.80622641509437
Post-monsoon,Rural,32.26000000000002
Post-monsoon,Rural,31.694615384615417
Post-monsoon,Rural,31.703846153846182
Post-monsoon,Rural,31.863076923076953
Post-monsoon,Rural,32.073846153846176
Post-monsoon,Rural,32.392307692307725
Post-monsoon,Rural,32.47313725490199
Post-monsoon,Rural,32.23627450980394
Post-monsoon,Rural,31.51038461538465
Post-monsoon,Rural,30.905849056603785
Post-monsoon,Rural,30.321698113207578
Post-monsoon,Rural,29.810769230769264
Post-monsoon,Rural,30.768867924528326
Post-monsoon,Rural,30.13339622641512
Post-monsoon,Rural,30.242830188679278
Post-monsoon,Rural,32.20647058823533
Post-monsoon,Rural,31.609615384615417
Post-monsoon,Rural,31.73076923076926
Post-monsoon,Rural,31.980000000000036
Post-monsoon,Rural,32.214230769230795
Post-monsoon,Rural,32.36230769230772
Post-monsoon,Rural,32.3242307692308
Post-monsoon,Rural,32.09769230769234
Post-monsoon,Rural,31.76076923076925
Post-monsoon,Rural,31.733076923076958
Post-monsoon,Rural,31.75884615384617
Post-monsoon,Rural,31.466226415094376
Post-monsoon,Rural,30.105471698113234
Post-monsoon,Rural,30.05592592592595
Post-monsoon,Rural,30.935384615384635
Post-monsoon,Rural,31.57452830188682
Post-monsoon,Rural,31.512264150943423
Post-monsoon,Rural,31.808076923076953
Post-monsoon,Rural,31.958846153846196
Post-monsoon,Rural,32.12884615384617
Post-monsoon,Rural,31.974528301886824
Post-monsoon,Rural,31.80471698113211
Post-monsoon,Rural,31.56320754716983
Post-monsoon,Rural,31.710384615384662
Post-monsoon,Rural,32.0642307692308
Post-monsoon,Rural,32.31862745098042
Post-monsoon,Rural,32.17038461538464
Post-monsoon,Rural,30.485185185185216
Post-monsoon,Rural,31.67615384615387
Post-monsoon,Rural,31.734150943396255
Post-monsoon,Rural,31.503584905660404
Post-monsoon,Rural,31.431132075471734
Post-monsoon,Rural,31.836666666666705
Post-monsoon,Rural,31.91923076923079
Post-monsoon,Rural,31.980566037735894
Post-monsoon,Rural,31.841320754716996
Post-monsoon,Rural,31.56283018867926
Post-monsoon,Rural,31.80384615384618
Post-monsoon,Rural,32.07115384615388
Post-monsoon,Rural,32.03423076923079
Post-monsoon,Rural,32.05576923076926
Post-monsoon,Rural,32.04807692307695
Post-monsoon,Rural,32.00849056603777
Post-monsoon,Rural,31.580188679245303
Post-monsoon,Rural,31.470000000000027
Post-monsoon,Rural,31.918846153846175
Post-monsoon,Rural,31.90115384615387
Post-monsoon,Rural,31.889230769230803
Post-monsoon,Rural,31.608076923076943
Post-monsoon,Rural,31.67846153846157
Post-monsoon,Rural,32.05269230769234
Post-monsoon,Rural,32.15384615384618
Post-monsoon,Rural,32.093846153846194
Post-monsoon,Rural,32.021698113207584
Post-monsoon,Rural,31.626981132075503
Post-monsoon,Rural,32.03000000000002
Post-monsoon,Rural,31.697924528301925
Post-monsoon,Rural,31.555283018867957
Post-monsoon,Rural,31.40018867924531
Post-monsoon,Rural,31.540384615384646
Post-monsoon,Rural,31.864901960784344
Post-monsoon,Rural,32.066153846153874
Post-monsoon,Rural,31.88384615384619
Post-monsoon,Rural,31.806470588235324
Post-monsoon,Rural,31.945686274509832
Post-monsoon,Rural,32.08921568627454
Post-monsoon,Rural,32.21470588235296
Post-monsoon,Rural,32.19653846153849
Post-monsoon,Rural,31.90886792452834
Post-monsoon,Rural,31.218679245283056
Post-monsoon,Rural,31.056037735849088
Post-monsoon,Rural,31.14849056603777
Post-monsoon,Rural,31.365000000000034
Post-monsoon,Rural,31.71769230769234
Post-monsoon,Rural,32.15588235294122
Post-monsoon,Rural,32.17039215686278
Post-monsoon,Rural,31.931153846153865
Post-monsoon,Rural,31.965769230769265
Post-monsoon,Rural,31.965769230769254
Post-monsoon,Rural,31.779230769230807
Post-monsoon,Rural,31.819433962264178
Post-monsoon,Rural,32.06807692307695
Post-monsoon,Rural,32.0281132075472
Post-monsoon,Rural,31.970754716981144
Post-monsoon,Rural,30.439230769230804
Post-monsoon,Rural,31.956037735849087
Post-monsoon,Rural,31.839629629629663
Post-monsoon,Rural,32.35113207547173
Post-monsoon,Rural,33.07549019607846
Post-monsoon,Rural,33.127647058823555
Post-monsoon,Rural,32.55000000000004
Post-monsoon,Rural,32.131923076923115
Post-monsoon,Rural,32.00450980392159
Post-monsoon,Rural,32.131176470588265
Post-monsoon,Rural,31.973529411764726
Post-monsoon,Rural,31.898846153846176
Post-monsoon,Rural,32.31000000000003
Post-monsoon,Rural,32.67269230769234
Post-monsoon,Rural,29.608113207547195
Post-monsoon,Rural,29.81592592592595
Post-monsoon,Rural,30.3040740740741
Post-monsoon,Rural,31.400740740740773
Post-monsoon,Rural,32.64254901960788
Post-monsoon,Rural,33.35720000000003
Post-monsoon,Rural,32.86230769230773
Post-monsoon,Rural,32.547692307692344
Post-monsoon,Rural,32.384230769230804
Post-monsoon,Rural,32.25588235294121
Post-monsoon,Rural,32.15941176470591
Post-monsoon,Rural,32.44269230769235
Post-monsoon,Rural,29.4965384615385
Post-monsoon,Rural,29.92518518518521
Post-monsoon,Rural,32.9481132075472
Post-monsoon,Rural,32.86461538461541
Post-monsoon,Rural,32.931923076923105
Post-monsoon,Rural,32.64137254901963
Post-monsoon,Rural,32.67745098039218
Post-monsoon,Rural,33.769215686274535
Post-monsoon,Rural,30.227735849056625
Post-monsoon,Rural,30.771111111111136
Post-monsoon,Rural,30.740740740740776
Post-monsoon,Rural,31.108518518518558
Post-monsoon,Rural,33.89627450980395
Post-monsoon,Rural,33.83941176470593
Post-monsoon,Rural,33.45901960784315
Post-monsoon,Rural,33.97313725490198
Post-monsoon,Rural,29.627307692307717
Post-monsoon,Rural,29.95150943396228
Post-monsoon,Rural,30.92962264150945
Post-monsoon,Rural,31.14296296296298
Post-monsoon,Rural,31.05185185185188
Post-monsoon,Rural,30.903962264150955
Post-monsoon,Rural,31.9540740740741
Post-monsoon,Rural,31.407358490566075
Post-monsoon,Rural,30.561372549019637
Post-monsoon,Rural,29.910000000000032
Post-monsoon,Rural,30.213396226415128
Post-monsoon,Rural,30.81792452830192
Post-monsoon,Rural,31.525094339622676
Post-monsoon,Rural,31.59905660377361
Post-monsoon,Rural,31.338518518518544
Post-monsoon,Rural,30.799629629629663
Post-monsoon,Rural,30.534444444444485
Post-monsoon,Rural,31.441851851851876
Post-monsoon,Rural,31.61679245283023
Post-monsoon,Rural,30.664074074074094
Post-monsoon,Rural,30.372745098039243
Post-monsoon,Rural,31.039056603773613
Post-monsoon,Rural,31.926603773584933
Post-monsoon,Rural,33.295384615384634
Post-monsoon,Rural,33.01115384615388
Post-monsoon,Rural,31.789629629629648
Post-monsoon,Rural,30.71333333333336
Post-monsoon,Rural,30.251481481481513
Post-monsoon,Rural,30.467777777777815
Post-monsoon,Rural,30.900370370370393
Post-monsoon,Rural,29.93905660377361
Post-monsoon,Rural,30.352592592592607
Post-monsoon,Rural,30.001851851851878
Post-monsoon,Rural,33.61666666666668
Post-monsoon,Rural,32.00259259259263
Post-monsoon,Rural,30.8677777777778
Post-monsoon,Rural,30.222962962962985
Post-monsoon,Rural,30.04000000000003
Post-monsoon,Rural,30.813333333333365
Post-monsoon,Rural,31.63784313725492
Post-monsoon,Rural,35.25384615384618
Post-monsoon,Rural,31.79148148148151
Post-monsoon,Rural,31.03792452830192
Post-monsoon,Rural,31.550754716981164
Post-monsoon,Rural,31.960188679245324
Post-monsoon,Rural,30.22555555555559
Post-monsoon,Rural,29.936666666666692
Post-monsoon,Rural,30.785686274509825
Post-monsoon,Rural,31.760769230769263
Post-monsoon,Rural,33.030384615384655
Post-monsoon,Rural,35.10886792452833
Post-monsoon,Rural,34.19000000000003
Post-monsoon,Rural,32.495555555555576
Post-monsoon,Rural,31.982222222222244
Post-monsoon,Rural,31.764339622641526
Post-monsoon,Rural,32.14471698113212
Post-monsoon,Rural,31.886981132075505
Post-monsoon,Rural,31.226226415094366
Post-monsoon,Rural,31.5269811320755
Post-monsoon,Rural,31.830000000000027
Post-monsoon,Rural,31.558076923076946
Post-monsoon,Rural,30.533396226415125
Post-monsoon,Rural,30.111923076923112
Post-monsoon,Rural,29.98018867924532
Post-monsoon,Rural,30.732692307692336
Post-monsoon,Rural,31.3858490566038
Post-monsoon,Rural,32.373773584905685
Post-monsoon,Rural,33.86207547169814
Post-monsoon,Rural,32.39423076923079
Post-monsoon,Rural,32.34115384615388
Post-monsoon,Rural,32.25461538461541
Post-monsoon,Rural,31.83113207547173
Post-monsoon,Rural,30.9269811320755
Post-monsoon,Rural,30.98320754716984
Post-monsoon,Rural,31.242830188679278
Post-monsoon,Rural,30.353333333333357
Post-monsoon,Rural,30.30849056603775
Post-monsoon,Rural,29.504444444444466
Post-monsoon,Rural,29.98185185185189
Post-monsoon,Rural,30.645555555555593
Post-monsoon,Rural,31.461764705882377
Post-monsoon,Rural,33.08461538461541
Post-monsoon,Rural,32.797307692307726
Post-monsoon,Rural,32.49538461538464
Post-monsoon,Rural,31.540769230769254
Post-monsoon,Rural,28.3340740740741
Post-monsoon,Rural,29.768888888888917
Post-monsoon,Rural,30.181481481481516
Post-monsoon,Rural,30.68333333333335
Post-monsoon,Rural,31.373703703703736
Post-monsoon,Rural,34.05641509433964
Post-monsoon,Rural,33.65769230769235
Post-monsoon,Rural,32.822307692307724
Post-monsoon,Rural,32.018461538461565
Post-monsoon,Rural,31.039811320754755
Post-monsoon,Rural,28.654444444444465
Post-monsoon,Rural,28.05185185185188
Post-monsoon,Rural,27.921481481481514
Post-monsoon,Rural,30.012641509433998
Post-monsoon,Rural,30.299811320754742
Post-monsoon,Rural,30.45867924528304
Post-monsoon,Rural,30.523207547169836
Post-monsoon,Rural,30.595660377358517
Post-monsoon,Rural,30.679230769230813
Post-monsoon,Rural,31.396538461538494
Post-monsoon,Rural,31.846470588235327
Post-monsoon,Rural,31.170800000000032
Post-monsoon,Rural,31.7496078431373
Post-monsoon,Rural,31.55528301886795
Post-monsoon,Rural,28.79444444444448
Post-monsoon,Rural,28.172962962963
Post-monsoon,Rural,28.00518518518521
Post-monsoon,Rural,28.147037037037077
Post-monsoon,Rural,29.084074074074106
Post-monsoon,Rural,30.10132075471701
Post-monsoon,Rural,30.282452830188696
Post-monsoon,Rural,30.28629629629633
Post-monsoon,Rural,30.19740740740744
Post-monsoon,Rural,30.19148148148151
Post-monsoon,Rural,30.270370370370394
Post-monsoon,Rural,30.34925925925929
Post-monsoon,Rural,30.868076923076963
Post-monsoon,Rural,32.19076923076926
Post-monsoon,Rural,32.976153846153885
Post-monsoon,Rural,31.860769230769264
Post-monsoon,Rural,31.179803921568663
Post-monsoon,Rural,29.480740740740767
Post-monsoon,Rural,29.278148148148176
Post-monsoon,Rural,28.628148148148178
Post-monsoon,Rural,28.231923076923117
Post-monsoon,Rural,28.424339622641522
Post-monsoon,Rural,28.87851851851855
Post-monsoon,Rural,29.92851851851856
Post-monsoon,Rural,30.740000000000038
Post-monsoon,Rural,30.91444444444447
Post-monsoon,Rural,30.592962962962996
Post-monsoon,Rural,30.255555555555585
Post-monsoon,Rural,29.890000000000025
Post-monsoon,Rural,29.963703703703732
Post-monsoon,Rural,30.41592592592595
Post-monsoon,Rural,30.437777777777814
Post-monsoon,Rural,31.263076923076955
Post-monsoon,Rural,32.04490196078433
Post-monsoon,Rural,32.761923076923104
Post-monsoon,Rural,32.959811320754746
Post-monsoon,Rural,32.57076923076927
Post-monsoon,Rural,32.15653846153849
Post-monsoon,Rural,32.03192307692311
Post-monsoon,Rural,31.818076923076962
Post-monsoon,Rural,30.139629629629667
Post-monsoon,Rural,29.41555555555558
Post-monsoon,Rural,28.901320754717016
Post-monsoon,Rural,29.15115384615387
Post-monsoon,Rural,29.87301886792456
Post-monsoon,Rural,29.94074074074076
Post-monsoon,Rural,30.06481481481485
Post-monsoon,Rural,30.757547169811353
Post-monsoon,Rural,30.81076923076926
Post-monsoon,Rural,30.430370370370404
Post-monsoon,Rural,30.06555555555558
Post-monsoon,Rural,29.746296296296325
Post-monsoon,Rural,30.170370370370392
Post-monsoon,Rural,30.763461538461566
Post-monsoon,Rural,30.673773584905693
Post-monsoon,Rural,30.537547169811344
Post-monsoon,Rural,30.665094339622666
Post-monsoon,Rural,31.258679245283055
Post-monsoon,Rural,31.335925925925952
Post-monsoon,Rural,31.019259259259282
Post-monsoon,Rural,30.920188679245314
Post-monsoon,Rural,31.028490566037767
Post-monsoon,Rural,30.13163265306125
Post-monsoon,Rural,30.624716981132096
Post-monsoon,Rural,30.52653846153849
Post-monsoon,Rural,31.28807692307694
Post-monsoon,Rural,30.864339622641534
Post-monsoon,Rural,30.518888888888913
Post-monsoon,Rural,29.886603773584927
Post-monsoon,Rural,30.166296296296323
Post-monsoon,Rural,30.926153846153884
Post-monsoon,Rural,30.971538461538497
Post-monsoon,Rural,29.92333333333337
Post-monsoon,Rural,29.935185185185215
Post-monsoon,Rural,30.481481481481502
Post-monsoon,Rural,30.442692307692337
Post-monsoon,Rural,29.80849056603777
Post-monsoon,Rural,30.06851851851854
Post-monsoon,Rural,30.951886792452857
Post-monsoon,Rural,31.02207547169816
Post-monsoon,Rural,30.49148148148153
Post-monsoon,Rural,30.02886792452834
Post-monsoon,Rural,29.988518518518536
Post-monsoon,Rural,30.193703703703743
Post-monsoon,Rural,30.44433962264154
Post-monsoon,Rural,30.61000000000003
Post-monsoon,Rural,30.524716981132105
Post-monsoon,Rural,30.55905660377362
Post-monsoon,Rural,30.255185185185216
Post-monsoon,Rural,30.462962962962987
Post-monsoon,Rural,30.72814814814818
Post-monsoon,Rural,30.70169811320757
Post-monsoon,Rural,30.387735849056632
Post-monsoon,Rural,30.328113207547183
Post-monsoon,Rural,30.79301886792455
Post-monsoon,Rural,31.94076923076925
Post-monsoon,Rural,31.959230769230807
Post-monsoon,Rural,31.451153846153872
Post-monsoon,Rural,31.035000000000046
Post-monsoon,Rural,30.739433962264187
Post-monsoon,Rural,30.972641509433984
Post-monsoon,Rural,31.643846153846173
Post-monsoon,Rural,31.54807692307696
Post-monsoon,Rural,30.36629629629633
Post-monsoon,Rural,29.40259259259262
Post-monsoon,Rural,29.79188679245288
Post-monsoon,Rural,30.5481132075472
Post-monsoon,Rural,30.53754716981135
Post-monsoon,Rural,29.863703703703717
Post-monsoon,Rural,29.62370370370374
Post-monsoon,Rural,30.30481481481484
Post-monsoon,Rural,30.896415094339652
Post-monsoon,Rural,30.479056603773607
Post-monsoon,Rural,29.71962962962966
Post-monsoon,Rural,29.180370370370383
Post-monsoon,Rural,29.063333333333365
Post-monsoon,Rural,29.594814814814843
Post-monsoon,Rural,30.36703703703707
Post-monsoon,Rural,30.628518518518558
Post-monsoon,Rural,30.167735849056626
Post-monsoon,Rural,30.161111111111133
Post-monsoon,Rural,30.428148148148185
Post-monsoon,Rural,31.057169811320783
Post-monsoon,Rural,31.269622641509464
Post-monsoon,Rural,31.79566037735852
Post-monsoon,Rural,32.026153846153875
Post-monsoon,Rural,31.92807692307696
Post-monsoon,Rural,31.5569230769231
Post-monsoon,Rural,31.13377358490568
Post-monsoon,Rural,31.505000000000035
Post-monsoon,Rural,32.030384615384634
Post-monsoon,Rural,31.89075471698117
Post-monsoon,Rural,29.34592592592596
Post-monsoon,Rural,28.786603773584932
Post-monsoon,Rural,29.460188679245302
Post-monsoon,Rural,29.97679245283022
Post-monsoon,Rural,29.645925925925958
Post-monsoon,Rural,29.245925925925942
Post-monsoon,Rural,29.629259259259285
Post-monsoon,Rural,30.554814814814836
Post-monsoon,Rural,30.81490566037738
Post-monsoon,Rural,29.909245283018887
Post-monsoon,Rural,29.209259259259287
Post-monsoon,Rural,29.15074074074077
Post-monsoon,Rural,29.727358490566058
Post-monsoon,Rural,30.266666666666694
Post-monsoon,Rural,30.64666666666668
Post-monsoon,Rural,29.986666666666686
Post-monsoon,Rural,30.129259259259285
Post-monsoon,Rural,30.347777777777804
Post-monsoon,Rural,30.730370370370405
Post-monsoon,Rural,31.237407407407446
Post-monsoon,Rural,31.845849056603797
Post-monsoon,Rural,32.38153846153849
Post-monsoon,Rural,32.35075471698116
Post-monsoon,Rural,31.956666666666706
Post-monsoon,Rural,31.69629629629633
Post-monsoon,Rural,31.550000000000026
Post-monsoon,Rural,31.36703703703707
Post-monsoon,Rural,31.51264150943399
Post-monsoon,Rural,31.68240000000003
Post-monsoon,Rural,32.07867924528305
Post-monsoon,Rural,31.07037735849059
Post-monsoon,Rural,29.705849056603807
Post-monsoon,Rural,28.571886792452858
Post-monsoon,Rural,28.53226415094343
Post-monsoon,Rural,28.95415094339626
Post-monsoon,Rural,29.06924528301889
Post-monsoon,Rural,29.127407407407443
Post-monsoon,Rural,29.803703703703732
Post-monsoon,Rural,30.42666666666671
Post-monsoon,Rural,30.89943396226417
Post-monsoon,Rural,30.47490566037739
Post-monsoon,Rural,29.386603773584937
Post-monsoon,Rural,29.05222222222224
Post-monsoon,Rural,29.415283018867946
Post-monsoon,Rural,29.874528301886816
Post-monsoon,Rural,29.49588235294121
Post-monsoon,Rural,29.92333333333336
Post-monsoon,Rural,30.2103703703704
Post-monsoon,Rural,30.563333333333375
Post-monsoon,Rural,31.030740740740764
Post-monsoon,Rural,31.69555555555559
Post-monsoon,Rural,33.328846153846186
Post-monsoon,Rural,32.763584905660416
Post-monsoon,Rural,31.746603773584933
Post-monsoon,Rural,31.220566037735875
Post-monsoon,Rural,30.727735849056646
Post-monsoon,Rural,31.51115384615387
Post-monsoon,Rural,31.864901960784334
Post-monsoon,Rural,30.64038461538465
Post-monsoon,Rural,29.706226415094374
Post-monsoon,Rural,28.866981132075484
Post-monsoon,Rural,28.38962264150946
Post-monsoon,Rural,28.608113207547188
Post-monsoon,Rural,28.747735849056625
Post-monsoon,Rural,28.978679245283026
Post-monsoon,Rural,29.90740740740744
Post-monsoon,Rural,30.806666666666697
Post-monsoon,Rural,30.9869811320755
Post-monsoon,Rural,30.870377358490593
Post-monsoon,Rural,29.95113207547173
Post-monsoon,Rural,29.079056603773626
Post-monsoon,Rural,28.80629629629632
Post-monsoon,Rural,29.110000000000042
Post-monsoon,Rural,29.57452830188682
Post-monsoon,Rural,30.170000000000023
Post-monsoon,Rural,30.67000000000002
Post-monsoon,Rural,31.478148148148176
Post-monsoon,Rural,32.37703703703706
Post-monsoon,Rural,32.640000000000036
Post-monsoon,Rural,32.589230769230795
Post-monsoon,Rural,32.231568627451
Post-monsoon,Rural,31.676538461538485
Post-monsoon,Rural,30.584339622641547
Post-monsoon,Rural,29.929615384615406
Post-monsoon,Rural,30.373461538461566
Post-monsoon,Rural,31.88686274509807
Post-monsoon,Rural,31.935600000000033
Post-monsoon,Rural,30.320588235294142
Post-monsoon,Rural,29.316923076923104
Post-monsoon,Rural,28.802075471698135
Post-monsoon,Rural,28.29000000000003
Post-monsoon,Rural,28.17339622641513
Post-monsoon,Rural,28.379433962264187
Post-monsoon,Rural,28.477169811320774
Post-monsoon,Rural,29.311509433962286
Post-monsoon,Rural,30.454615384615405
Post-monsoon,Rural,31.016923076923106
Post-monsoon,Rural,30.998461538461576
Post-monsoon,Rural,30.350754716981164
Post-monsoon,Rural,29.160188679245316
Post-monsoon,Rural,28.738148148148177
Post-monsoon,Rural,29.09037037037041
Post-monsoon,Rural,29.665925925925958
Post-monsoon,Rural,30.6440740740741
Post-monsoon,Rural,32.84547169811323
Post-monsoon,Rural,33.2703773584906
Post-monsoon,Rural,33.202962962963
Post-monsoon,Rural,33.007647058823565
Post-monsoon,Rural,32.58568627450983
Post-monsoon,Rural,32.51862745098043
Post-monsoon,Rural,31.66372549019611
Post-monsoon,Rural,30.352307692307726
Post-monsoon,Rural,29.807692307692346
Post-monsoon,Rural,30.367254901960806
Post-monsoon,Rural,31.341372549019635
Post-monsoon,Rural,29.25980392156865
Post-monsoon,Rural,28.68384615384618
Post-monsoon,Rural,28.227735849056643
Post-monsoon,Rural,27.85566037735852
Post-monsoon,Rural,27.720566037735875
Post-monsoon,Rural,27.846226415094357
Post-monsoon,Rural,28.33867924528305
Post-monsoon,Rural,29.33415094339625
Post-monsoon,Rural,30.226538461538492
Post-monsoon,Rural,30.74423076923081
Post-monsoon,Rural,30.447358490566067
Post-monsoon,Rural,29.426153846153888
Post-monsoon,Rural,28.506603773584942
Post-monsoon,Rural,31.057407407407442
Post-monsoon,Rural,32.34584905660379
Post-monsoon,Rural,33.34346153846156
Post-monsoon,Rural,33.65490566037738
Post-monsoon,Rural,33.55113207547173
Post-monsoon,Rural,33.524615384615416
Post-monsoon,Rural,33.05352941176475
Post-monsoon,Rural,32.7194117647059
Post-monsoon,Rural,31.433921568627476
Post-monsoon,Rural,30.399615384615405
Post-monsoon,Rural,29.965769230769258
Post-monsoon,Rural,30.14960784313728
Post-monsoon,Rural,30.126078431372573
Post-monsoon,Rural,29.190392156862778
Post-monsoon,Rural,28.610784313725514
Post-monsoon,Rural,28.393461538461573
Post-monsoon,Rural,28.069622641509458
Post-monsoon,Rural,27.838301886792493
Post-monsoon,Rural,27.78660377358494
Post-monsoon,Rural,27.834150943396253
Post-monsoon,Rural,28.172264150943413
Post-monsoon,Rural,29.24346153846157
Post-monsoon,Rural,30.158846153846188
Post-monsoon,Rural,30.380769230769275
Post-monsoon,Rural,30.250370370370394
Post-monsoon,Rural,31.992264150943416
Post-monsoon,Rural,32.9523529411765
Post-monsoon,Rural,30.18240000000003
Post-monsoon,Rural,29.440400000000025
Post-monsoon,Rural,28.63920000000002
Post-monsoon,Rural,28.02800000000002
Post-monsoon,Rural,28.03000000000003
Post-monsoon,Rural,28.310769230769253
Post-monsoon,Rural,28.08433962264154
Post-monsoon,Rural,27.640943396226447
Post-monsoon,Rural,27.469622641509474
Post-monsoon,Rural,27.610377358490584
Post-monsoon,Rural,28.054615384615417
Post-monsoon,Rural,29.057924528301914
Post-monsoon,Rural,30.807735849056638
Post-monsoon,Rural,31.274528301886818
Post-monsoon,Rural,32.258400000000044
Post-monsoon,Rural,30.232800000000026
Post-monsoon,Rural,28.911200000000026
Post-monsoon,Rural,28.07000000000004
Post-monsoon,Rural,27.45392156862747
Post-monsoon,Rural,27.036538461538495
Post-monsoon,Rural,26.884716981132108
Post-monsoon,Rural,27.10666666666669
Post-monsoon,Rural,27.66666666666671
Post-monsoon,Rural,28.49188679245286
Post-monsoon,Rural,29.30814814814818
Post-monsoon,Rural,29.82444444444447
Post-monsoon,Rural,30.457777777777807
Post-monsoon,Rural,30.794528301886835
Post-monsoon,Rural,30.998846153846184
Post-monsoon,Rural,31.462307692307718
Post-monsoon,Rural,32.37576923076926
Post-monsoon,Rural,34.9688235294118
Post-monsoon,Rural,31.698400000000024
Post-monsoon,Rural,29.49313725490199
Post-monsoon,Rural,28.14240000000003
Post-monsoon,Rural,27.397450980392193
Post-monsoon,Rural,26.98647058823532
Post-monsoon,Rural,26.84333333333335
Post-monsoon,Rural,27.150754716981165
Post-monsoon,Rural,27.83111111111114
Post-monsoon,Rural,29.051111111111144
Post-monsoon,Rural,29.43528301886795
Post-monsoon,Rural,29.782592592592614
Post-monsoon,Rural,30.325185185185205
Post-monsoon,Rural,30.733076923076958
Post-monsoon,Rural,31.172307692307722
Post-monsoon,Rural,31.965384615384647
Post-monsoon,Rural,32.672352941176506
Post-monsoon,Rural,33.18215686274513
Post-monsoon,Rural,33.03588235294122
Post-monsoon,Rural,32.81384615384617
Post-monsoon,Rural,31.89313725490199
Post-monsoon,Rural,29.569607843137277
Post-monsoon,Rural,27.84686274509806
Post-monsoon,Rural,27.14153846153848
Post-monsoon,Rural,26.915769230769254
Post-monsoon,Rural,27.040000000000028
Post-monsoon,Rural,29.92622641509436
Post-monsoon,Rural,30.39415094339626
Post-monsoon,Rural,30.992307692307712
Post-monsoon,Rural,31.637547169811356
Post-monsoon,Rural,32.54769230769233
Post-monsoon,Rural,32.764117647058846
Post-monsoon,Rural,31.21716981132078
Post-monsoon,Rural,31.504339622641545
Post-monsoon,Rural,32.53346153846158
Post-monsoon,Rural,32.64176470588239
Post-monsoon,Rural,31.043333333333347
Post-monsoon,Rural,29.014705882352974
